account_id,region,db_instance_id,timestamp,cpu_util_avg,free_storage_avg,free_mem_avg,db_conns_avg,read_iops_avg,write_iops_avg,read_latency_avg,write_latency_avg,queue_depth_avg,net_rx_avg,net_tx_avg,period_seconds
131471595343,eu-north-1,2025-10-28T18:00:00+00:00,ahoydb,5.573017393526646,20341365984.780487,0.0
131471595343,eu-north-1,2025-10-28T19:00:00+00:00,ahoydb,3.816382107586264,19636679406.933334,0.0
131471595343,eu-north-1,2025-10-28T20:00:00+00:00,ahoydb,3.6507830871812557,18831338086.4,0.0
131471595343,eu-north-1,2025-10-28T21:00:00+00:00,ahoydb,3.524282252047255,18395089646.933334,0.0
131471595343,eu-north-1,2025-10-28T22:00:00+00:00,ahoydb,3.5535008662395864,18395038993.066666,0.0
131471595343,eu-north-1,2025-10-28T23:00:00+00:00,ahoydb,3.55787171324118,18394964923.733334,0.0
131471595343,eu-north-1,2025-10-29T00:00:00+00:00,ahoydb,3.5735063944366567,18394935227.733334,0.0
131471595343,eu-north-1,2025-10-29T01:00:00+00:00,ahoydb,3.502113905870722,18394905600.0,0.0
131471595343,eu-north-1,2025-10-29T02:00:00+00:00,ahoydb,3.480585846893296,18394875562.666668,0.0
131471595343,eu-north-1,2025-10-29T03:00:00+00:00,ahoydb,3.4763233800641067,18394837742.933334,0.0
131471595343,eu-north-1,2025-10-29T04:00:00+00:00,ahoydb,3.476313584253711,18394807910.4,0.0
131471595343,eu-north-1,2025-10-29T05:00:00+00:00,ahoydb,3.4504059853174507,18394778214.4,0.0
131471595343,eu-north-1,2025-10-29T06:00:00+00:00,ahoydb,3.57902406753757,18394738961.066666,0.0
131471595343,eu-north-1,2025-10-29T07:00:00+00:00,ahoydb,3.538409405624519,18394718208.0,0.0
131471595343,eu-north-1,2025-10-29T08:00:00+00:00,ahoydb,3.4795312124580478,18394683801.6,0.0
131471595343,eu-north-1,2025-10-29T09:00:00+00:00,ahoydb,3.481312002075155,18394650350.933334,0.0
131471595343,eu-north-1,2025-10-29T10:00:00+00:00,ahoydb,3.4728942995448127,18394620586.666668,0.0
131471595343,eu-north-1,2025-10-29T11:00:00+00:00,ahoydb,3.4413402592378897,18394590617.6,0.0
131471595343,eu-north-1,2025-10-29T12:00:00+00:00,ahoydb,3.5149189262694094,18394560785.066666,0.0
131471595343,eu-north-1,2025-10-29T13:00:00+00:00,ahoydb,3.4203760262676237,18394530679.466667,0.0
131471595343,eu-north-1,2025-10-29T14:00:00+00:00,ahoydb,3.475709823248478,18394500505.6,0.0
131471595343,eu-north-1,2025-10-29T15:00:00+00:00,ahoydb,3.530101907715604,18394379946.666668,0.0
131471595343,eu-north-1,2025-10-29T16:00:00+00:00,ahoydb,3.4321567146300924,18319345254.4,0.06666666666666667
131471595343,eu-north-1,2025-10-29T17:00:00+00:00,ahoydb,3.4156082494101185,18319211246.933334,1.1166666666666667
131471595343,eu-north-1,2025-10-29T18:00:00+00:00,ahoydb,3.4904765568555307,18319089595.733334,3.0
131471595343,eu-north-1,2025-10-29T19:00:00+00:00,ahoydb,3.4074716350679854,18319059694.933334,3.0
131471595343,eu-north-1,2025-10-29T20:00:00+00:00,ahoydb,3.438167412391184,18319029589.333332,3.0
131471595343,eu-north-1,2025-10-29T21:00:00+00:00,ahoydb,3.457434388302594,18318999278.933334,1.0
131471595343,eu-north-1,2025-10-29T22:00:00+00:00,ahoydb,3.46875412714033,18318969651.2,0.0
131471595343,eu-north-1,2025-10-29T23:00:00+00:00,ahoydb,3.4553472647546224,18318939613.866665,0.0
131471595343,eu-north-1,2025-10-30T00:00:00+00:00,ahoydb,3.563788068174257,18318925755.733334,0.0
131471595343,eu-north-1,2025-10-30T01:00:00+00:00,ahoydb,3.435218716858072,18318841582.933334,2.466666666666667
131471595343,eu-north-1,2025-10-30T02:00:00+00:00,ahoydb,3.514659258201419,18318646749.866665,3.0
131471595343,eu-north-1,2025-10-30T03:00:00+00:00,ahoydb,3.5442403308818036,18318623061.333332,3.066666666666667
131471595343,eu-north-1,2025-10-30T04:00:00+00:00,ahoydb,3.2935180979487484,18318473216.0,3.0
131471595343,eu-north-1,2025-10-30T05:00:00+00:00,ahoydb,3.2895502067552522,18318420104.533333,3.0
131471595343,eu-north-1,2025-10-30T06:00:00+00:00,ahoydb,3.3493630921201256,18318389589.333332,2.8666666666666667
131471595343,eu-north-1,2025-10-30T07:00:00+00:00,ahoydb,3.294123167727045,18318358528.0,2.0
131471595343,eu-north-1,2025-10-30T08:00:00+00:00,ahoydb,3.3308296565157236,18318321459.2,2.0
131471595343,eu-north-1,2025-10-30T09:00:00+00:00,ahoydb,3.32888730000552,18318291217.066666,2.0
131471595343,eu-north-1,2025-10-30T10:00:00+00:00,ahoydb,3.3114543174549937,18318261316.266666,2.0
131471595343,eu-north-1,2025-10-30T11:00:00+00:00,ahoydb,3.3133573633088815,18318231415.466667,2.0
131471595343,eu-north-1,2025-10-30T12:00:00+00:00,ahoydb,3.353190212150823,18318196053.333332,2.316666666666667
131471595343,eu-north-1,2025-10-30T13:00:00+00:00,ahoydb,3.3552885028412494,18318144512.0,2.95
131471595343,eu-north-1,2025-10-30T14:00:00+00:00,ahoydb,3.343044408549143,18318111744.0,4.033333333333333
131471595343,eu-north-1,2025-10-30T15:00:00+00:00,ahoydb,3.3484144211052835,18318050918.4,5.0
131471595343,eu-north-1,2025-10-30T16:00:00+00:00,ahoydb,3.3119766454341715,18318033373.866665,3.2
131471595343,eu-north-1,2025-10-30T17:00:00+00:00,ahoydb,3.274034764278276,18318006272.0,3.05
131471595343,eu-north-1,2025-10-30T18:00:00+00:00,ahoydb,3.3585827095275067,18317973230.933334,5.933333333333334
131471595343,eu-north-1,2025-10-30T19:00:00+00:00,ahoydb,3.2827806040773946,18317942442.666668,5.233333333333333
131471595343,eu-north-1,2025-10-30T20:00:00+00:00,ahoydb,3.2863224477379167,18317912405.333332,3.066666666666667
131471595343,eu-north-1,2025-10-30T21:00:00+00:00,ahoydb,3.337614347767401,18317881480.533333,6.566666666666666
131471595343,eu-north-1,2025-10-30T22:00:00+00:00,ahoydb,3.281682078872103,18317851374.933334,6.233333333333333
131471595343,eu-north-1,2025-10-30T23:00:00+00:00,ahoydb,3.34453623480226,18317822020.266666,7.0
131471595343,eu-north-1,2025-10-31T00:00:00+00:00,ahoydb,3.3302809480422737,18317791982.933334,7.0
131471595343,eu-north-1,2025-10-31T01:00:00+00:00,ahoydb,3.3200298551793637,18317761945.6,7.0
131471595343,eu-north-1,2025-10-31T02:00:00+00:00,ahoydb,3.3484958780530842,18317731976.533333,7.0
131471595343,eu-north-1,2025-10-31T03:00:00+00:00,ahoydb,3.3668934162630597,18317701802.666668,7.0
131471595343,eu-north-1,2025-10-31T04:00:00+00:00,ahoydb,3.344807442977535,18317671833.6,7.0
131471595343,eu-north-1,2025-10-31T05:00:00+00:00,ahoydb,3.296979947864481,18317642001.066666,7.0
131471595343,eu-north-1,2025-10-31T06:00:00+00:00,ahoydb,3.362035188976189,18317611690.666668,7.0
131471595343,eu-north-1,2025-10-31T07:00:00+00:00,ahoydb,3.3052738059785285,18317579127.466667,7.0
131471595343,eu-north-1,2025-10-31T08:00:00+00:00,ahoydb,3.343701377295337,18317543697.066666,7.0
131471595343,eu-north-1,2025-10-31T09:00:00+00:00,ahoydb,3.3048517493644094,18356658995.2,7.0
131471595343,eu-north-1,2025-10-31T10:00:00+00:00,ahoydb,3.2385087962558345,18317479526.4,7.0
131471595343,eu-north-1,2025-10-31T11:00:00+00:00,ahoydb,3.290408478365239,18317448874.666668,5.95
131471595343,eu-north-1,2025-10-31T12:00:00+00:00,ahoydb,3.3534581257186074,18317419451.733334,0.0
131471595343,eu-north-1,2025-10-31T13:00:00+00:00,ahoydb,3.2781302527113545,18317389414.4,0.0
131471595343,eu-north-1,2025-10-31T14:00:00+00:00,ahoydb,3.347973424308432,18317359445.333332,0.0
131471595343,eu-north-1,2025-10-31T15:00:00+00:00,ahoydb,3.319496403884787,18345291366.4,0.0
131471595343,eu-north-1,2025-10-31T16:00:00+00:00,ahoydb,3.2895939834504295,18384408234.666668,0.0
131471595343,eu-north-1,2025-10-31T17:00:00+00:00,ahoydb,3.2556068127854636,18384381405.866665,0.0
131471595343,eu-north-1,2025-10-31T18:00:00+00:00,ahoydb,3.3439541704977187,18384348160.0,0.0
131471595343,eu-north-1,2025-10-31T19:00:00+00:00,ahoydb,3.3257929503043764,18384322013.866665,0.0
131471595343,eu-north-1,2025-10-31T20:00:00+00:00,ahoydb,3.269247674183966,18384300509.866665,0.0
131471595343,eu-north-1,2025-10-31T21:00:00+00:00,ahoydb,3.31886533088208,18384278391.466667,0.0
131471595343,eu-north-1,2025-10-31T22:00:00+00:00,ahoydb,3.319434368089295,18384256273.066666,0.0
131471595343,eu-north-1,2025-10-31T23:00:00+00:00,ahoydb,3.280039754799041,18384233881.6,0.0
131471595343,eu-north-1,2025-11-01T00:00:00+00:00,ahoydb,3.3232928401792683,18384212514.133335,0.0
131471595343,eu-north-1,2025-11-01T01:00:00+00:00,ahoydb,3.3022499334565585,18384190737.066666,0.0
131471595343,eu-north-1,2025-11-01T02:00:00+00:00,ahoydb,3.30368576042648,18384169028.266666,0.0
131471595343,eu-north-1,2025-11-01T03:00:00+00:00,ahoydb,3.3764929306439786,18384147046.4,0.0
131471595343,eu-north-1,2025-11-01T04:00:00+00:00,ahoydb,3.293401626517201,18384125201.066666,0.0
131471595343,eu-north-1,2025-11-01T05:00:00+00:00,ahoydb,3.2660197996365694,18384103424.0,1.8333333333333333
131471595343,eu-north-1,2025-11-01T06:00:00+00:00,ahoydb,3.31418076265947,18384081100.8,5.0
131471595343,eu-north-1,2025-11-01T07:00:00+00:00,ahoydb,3.2898562391879596,18384058845.866665,5.0
131471595343,eu-north-1,2025-11-01T08:00:00+00:00,ahoydb,3.3225239260194717,18384023347.2,5.0
131471595343,eu-north-1,2025-11-01T09:00:00+00:00,ahoydb,3.3080860278811937,18384001092.266666,5.0
131471595343,eu-north-1,2025-11-01T10:00:00+00:00,ahoydb,3.336171461621565,18383979042.133335,5.0
131471595343,eu-north-1,2025-11-01T11:00:00+00:00,ahoydb,3.2930547034430093,18383957060.266666,5.0
131471595343,eu-north-1,2025-11-01T12:00:00+00:00,ahoydb,3.3455199411005885,18383934464.0,5.0
131471595343,eu-north-1,2025-11-01T13:00:00+00:00,ahoydb,3.2931096049770434,18383911867.733334,5.0
131471595343,eu-north-1,2025-11-01T14:00:00+00:00,ahoydb,3.374505844235534,18383886404.266666,4.816666666666666
131471595343,eu-north-1,2025-11-01T15:00:00+00:00,ahoydb,3.445447882103482,18383857800.533333,3.8666666666666667
131471595343,eu-north-1,2025-11-01T16:00:00+00:00,ahoydb,3.3349710446975824,18383831176.533333,3.683333333333333
131471595343,eu-north-1,2025-11-01T17:00:00+00:00,ahoydb,3.292543964628149,18383812403.2,0.85
131471595343,eu-north-1,2025-11-01T18:00:00+00:00,ahoydb,3.3541349035856456,18383789943.466667,0.95
131471595343,eu-north-1,2025-11-01T19:00:00+00:00,ahoydb,3.2840952576940414,18383767005.866665,0.11666666666666667
131471595343,eu-north-1,2025-11-01T20:00:00+00:00,ahoydb,3.321498550023658,18383745160.533333,0.0
131471595343,eu-north-1,2025-11-01T21:00:00+00:00,ahoydb,3.3024911678441837,18383722018.133335,0.6833333333333333
131471595343,eu-north-1,2025-11-01T22:00:00+00:00,ahoydb,3.2930088639168273,18383699558.4,0.0
131471595343,eu-north-1,2025-11-01T23:00:00+00:00,ahoydb,3.3122773280227062,18383672320.0,2.533333333333333
131471595343,eu-north-1,2025-11-02T00:00:00+00:00,ahoydb,3.3604720007075883,18383643033.6,4.916666666666667
131471595343,eu-north-1,2025-11-02T01:00:00+00:00,ahoydb,3.3047383057146233,18383621870.933334,5.0
131471595343,eu-north-1,2025-11-02T02:00:00+00:00,ahoydb,3.3287610170295734,18383604394.666668,5.0
131471595343,eu-north-1,2025-11-02T03:00:00+00:00,ahoydb,3.3449077055613543,18383581661.866665,5.0
131471595343,eu-north-1,2025-11-02T04:00:00+00:00,ahoydb,3.3052694824238698,18383563707.733334,5.0
131471595343,eu-north-1,2025-11-02T05:00:00+00:00,ahoydb,3.2851981792536646,18383540019.2,5.95
131471595343,eu-north-1,2025-11-02T06:00:00+00:00,ahoydb,3.340526428104188,18383507046.4,8.4
131471595343,eu-north-1,2025-11-02T07:00:00+00:00,ahoydb,3.336499543641913,18383494280.533333,9.0
131471595343,eu-north-1,2025-11-02T08:00:00+00:00,ahoydb,3.3397478738705337,18383464311.466667,9.0
131471595343,eu-north-1,2025-11-02T09:00:00+00:00,ahoydb,3.3433064936835724,18383441578.666668,9.0
131471595343,eu-north-1,2025-11-02T10:00:00+00:00,ahoydb,3.3295904524793642,18384616857.6,9.0
131471595343,eu-north-1,2025-11-02T11:00:00+00:00,ahoydb,3.33750470411855,18385792477.866665,9.0
131471595343,eu-north-1,2025-11-02T12:00:00+00:00,ahoydb,3.3868992403123714,18385760529.066666,9.0
131471595343,eu-north-1,2025-11-02T13:00:00+00:00,ahoydb,3.317077740060579,18385747353.6,9.0
131471595343,eu-north-1,2025-11-02T14:00:00+00:00,ahoydb,3.3441615152972077,18385723460.266666,6.466666666666667
131471595343,eu-north-1,2025-11-02T15:00:00+00:00,ahoydb,3.343491102956978,18385702775.466667,5.75
131471595343,eu-north-1,2025-11-02T16:00:00+00:00,ahoydb,3.314989136935163,18385679496.533333,9.0
131471595343,eu-north-1,2025-11-02T17:00:00+00:00,ahoydb,3.318321993459861,18385660108.8,9.0
131471595343,eu-north-1,2025-11-02T18:00:00+00:00,ahoydb,3.359491202391958,18385634235.733334,4.533333333333333
131471595343,eu-north-1,2025-11-02T19:00:00+00:00,ahoydb,3.306579210353232,18385612049.066666,4.116666666666666
131471595343,eu-north-1,2025-11-02T20:00:00+00:00,ahoydb,3.3319235186148215,18385590340.266666,4.0
131471595343,eu-north-1,2025-11-02T21:00:00+00:00,ahoydb,3.342762629382826,18385567129.6,7.016666666666667
131471595343,eu-north-1,2025-11-02T22:00:00+00:00,ahoydb,3.3045917721037985,18385543099.733334,5.566666666666666
131471595343,eu-north-1,2025-11-02T23:00:00+00:00,ahoydb,3.289314547321963,18385521049.6,2.65
131471595343,eu-north-1,2025-11-03T00:00:00+00:00,ahoydb,3.3303521541890997,18385499750.4,0.0
131471595343,eu-north-1,2025-11-03T01:00:00+00:00,ahoydb,3.3632214631409196,18385472716.8,2.816666666666667
131471595343,eu-north-1,2025-11-03T02:00:00+00:00,ahoydb,3.3561027869092115,18385437218.133335,4.4
131471595343,eu-north-1,2025-11-03T03:00:00+00:00,ahoydb,3.3569302304108146,18385166131.2,6.183333333333334
131471595343,eu-north-1,2025-11-03T04:00:00+00:00,ahoydb,3.3285256118570654,18385020381.866665,7.0
131471595343,eu-north-1,2025-11-03T05:00:00+00:00,ahoydb,3.2919661294170552,18384997990.4,7.0
131471595343,eu-north-1,2025-11-03T06:00:00+00:00,ahoydb,3.3595702045708777,18384975598.933334,7.0
131471595343,eu-north-1,2025-11-03T07:00:00+00:00,ahoydb,3.285161796832702,18384952524.8,7.0
131471595343,eu-north-1,2025-11-03T08:00:00+00:00,ahoydb,3.2767004462638,18384923784.533333,7.0
131471595343,eu-north-1,2025-11-03T09:00:00+00:00,ahoydb,3.3784880677211597,18384899140.266666,7.0
131471595343,eu-north-1,2025-11-03T10:00:00+00:00,ahoydb,3.3293378117536654,18384873540.266666,7.0
131471595343,eu-north-1,2025-11-03T11:00:00+00:00,ahoydb,3.3439105382130476,18384850739.2,7.0
131471595343,eu-north-1,2025-11-03T12:00:00+00:00,ahoydb,3.3605062869581697,18384828484.266666,7.0
131471595343,eu-north-1,2025-11-03T13:00:00+00:00,ahoydb,3.368892779484923,18384805068.8,7.0
131471595343,eu-north-1,2025-11-03T14:00:00+00:00,ahoydb,3.3313609797997477,18384759876.266666,6.0
131471595343,eu-north-1,2025-11-03T15:00:00+00:00,ahoydb,3.337259309227868,18384431718.4,4.216666666666667
131471595343,eu-north-1,2025-11-03T16:00:00+00:00,ahoydb,3.3387773733251254,18384408780.8,5.133333333333334
131471595343,eu-north-1,2025-11-03T17:00:00+00:00,ahoydb,3.321811081999177,18384384614.4,0.0
131471595343,eu-north-1,2025-11-03T18:00:00+00:00,ahoydb,3.3499519832008677,18384362496.0,0.0
131471595343,eu-north-1,2025-11-03T19:00:00+00:00,ahoydb,3.320364328055546,18384339285.333332,0.0
131471595343,eu-north-1,2025-11-03T20:00:00+00:00,ahoydb,3.330625583218292,18384317030.4,0.0
131471595343,eu-north-1,2025-11-03T21:00:00+00:00,ahoydb,3.3375632149400256,18384294912.0,0.0
131471595343,eu-north-1,2025-11-03T22:00:00+00:00,ahoydb,3.335184249501026,18384272861.866665,0.0
131471595343,eu-north-1,2025-11-03T23:00:00+00:00,ahoydb,3.235508821698924,18384251084.8,0.0
131471595343,eu-north-1,2025-11-04T00:00:00+00:00,ahoydb,3.3062826450270664,18384228966.4,0.0
131471595343,eu-north-1,2025-11-04T01:00:00+00:00,ahoydb,3.3310193385343387,18384206779.733334,0.0
131471595343,eu-north-1,2025-11-04T02:00:00+00:00,ahoydb,3.279174444020446,18384185139.2,0.0
131471595343,eu-north-1,2025-11-04T03:00:00+00:00,ahoydb,3.342606832267818,18384161860.266666,0.0
131471595343,eu-north-1,2025-11-04T04:00:00+00:00,ahoydb,3.3003406928064427,18384139741.866665,0.0
131471595343,eu-north-1,2025-11-04T05:00:00+00:00,ahoydb,3.2861559685194472,18384117555.2,0.0
131471595343,eu-north-1,2025-11-04T06:00:00+00:00,ahoydb,3.365907740015634,18384094754.133335,0.0
131471595343,eu-north-1,2025-11-04T07:00:00+00:00,ahoydb,3.2834755141167604,18384071953.066666,0.0
131471595343,eu-north-1,2025-11-04T08:00:00+00:00,ahoydb,3.378051691056045,18384044714.666668,0.0
131471595343,eu-north-1,2025-11-04T09:00:00+00:00,ahoydb,3.3723602637952825,18384017885.866665,0.0
131471595343,eu-north-1,2025-11-04T10:00:00+00:00,ahoydb,3.3038991596336262,18383996108.8,0.0
131471595343,eu-north-1,2025-11-04T11:00:00+00:00,ahoydb,3.285105410914694,18383973239.466667,0.0
131471595343,eu-north-1,2025-11-04T12:00:00+00:00,ahoydb,3.360900283703795,18383950916.266666,0.0
131471595343,eu-north-1,2025-11-04T13:00:00+00:00,ahoydb,3.326377362161527,18383928320.0,0.0
131471595343,eu-north-1,2025-11-04T14:00:00+00:00,ahoydb,3.33719401577936,18383904153.6,2.0833333333333335
131471595343,eu-north-1,2025-11-04T15:00:00+00:00,ahoydb,3.3507714193379377,18383877393.066666,1.2666666666666666
131471595343,eu-north-1,2025-11-04T16:00:00+00:00,ahoydb,3.30974208592878,18383854387.2,5.0
131471595343,eu-north-1,2025-11-04T17:00:00+00:00,ahoydb,3.3726257182714616,18383831517.866665,2.9166666666666665
131471595343,eu-north-1,2025-11-04T18:00:00+00:00,ahoydb,3.349291569927654,18383799500.8,0.0
131471595343,eu-north-1,2025-11-04T19:00:00+00:00,ahoydb,3.3687157739438094,18383770009.6,0.0
131471595343,eu-north-1,2025-11-04T20:00:00+00:00,ahoydb,3.3018559390587483,18383747549.866665,0.0
131471595343,eu-north-1,2025-11-04T21:00:00+00:00,ahoydb,3.3145396077314913,18383724407.466667,0.0
131471595343,eu-north-1,2025-11-04T22:00:00+00:00,ahoydb,3.3801948794104377,18383700582.4,0.0
131471595343,eu-north-1,2025-11-04T23:00:00+00:00,ahoydb,3.238302745375697,18383679146.666668,0.0
131471595343,eu-north-1,2025-11-05T00:00:00+00:00,ahoydb,3.5815521630457323,18383657642.666668,0.0
131471595343,eu-north-1,2025-11-05T01:00:00+00:00,ahoydb,3.3676192837818615,18383634909.866665,0.0
131471595343,eu-north-1,2025-11-05T02:00:00+00:00,ahoydb,3.3854565394932377,18383613269.333332,0.0
131471595343,eu-north-1,2025-11-05T03:00:00+00:00,ahoydb,3.4227210247091637,18383591765.333332,0.0
131471595343,eu-north-1,2025-11-05T04:00:00+00:00,ahoydb,3.489398188549319,18383569988.266666,0.0
131471595343,eu-north-1,2025-11-05T05:00:00+00:00,ahoydb,3.420944292373534,18383548484.266666,0.0
131471595343,eu-north-1,2025-11-05T06:00:00+00:00,ahoydb,3.4488588396280226,18383526638.933334,0.0
131471595343,eu-north-1,2025-11-05T07:00:00+00:00,ahoydb,3.4025105819037464,18383504588.8,0.0
131471595343,eu-north-1,2025-11-05T08:00:00+00:00,ahoydb,3.4327578955506985,18383480354.133335,0.0
131471595343,eu-north-1,2025-11-05T09:00:00+00:00,ahoydb,3.4210264147695786,18383452842.666668,0.0
131471595343,eu-north-1,2025-11-05T10:00:00+00:00,ahoydb,3.434955850960955,18383431338.666668,0.0
131471595343,eu-north-1,2025-11-05T11:00:00+00:00,ahoydb,3.3522167545094437,18383409629.866665,0.0
131471595343,eu-north-1,2025-11-05T12:00:00+00:00,ahoydb,3.408575893924964,18383387921.066666,0.0
131471595343,eu-north-1,2025-11-05T13:00:00+00:00,ahoydb,3.3948305525292475,18383366348.8,0.0
131471595343,eu-north-1,2025-11-05T14:00:00+00:00,ahoydb,3.413665809606152,18383344298.666668,0.0
131471595343,eu-north-1,2025-11-05T15:00:00+00:00,ahoydb,3.252627331809668,18383322112.0,0.0
131471595343,eu-north-1,2025-11-05T16:00:00+00:00,ahoydb,3.420089869493617,18383299652.266666,0.0
131471595343,eu-north-1,2025-11-05T17:00:00+00:00,ahoydb,3.304828534562825,18383280537.6,0.0
131471595343,eu-north-1,2025-11-05T18:00:00+00:00,ahoydb,3.354829833510137,18383255347.2,0.0
131471595343,eu-north-1,2025-11-05T19:00:00+00:00,ahoydb,3.4075081695195792,18383232273.066666,0.0
131471595343,eu-north-1,2025-11-05T20:00:00+00:00,ahoydb,3.4277608299201505,18383210291.2,0.0
131471595343,eu-north-1,2025-11-05T21:00:00+00:00,ahoydb,3.432035633278469,18383188036.266666,0.0
131471595343,eu-north-1,2025-11-05T22:00:00+00:00,ahoydb,3.4409306088366165,18383165713.066666,0.0
131471595343,eu-north-1,2025-11-05T23:00:00+00:00,ahoydb,3.4515989220859584,18383143867.733334,0.0
131471595343,eu-north-1,2025-11-06T00:00:00+00:00,ahoydb,3.4760282166813496,18383102702.933334,0.0
131471595343,eu-north-1,2025-11-06T01:00:00+00:00,ahoydb,3.4412518667555134,18383099835.733334,0.0
131471595343,eu-north-1,2025-11-06T02:00:00+00:00,ahoydb,3.296933882710612,18383077649.066666,0.0
131471595343,eu-north-1,2025-11-06T03:00:00+00:00,ahoydb,3.3698803498386956,18383100108.8,0.0
131471595343,eu-north-1,2025-11-06T04:00:00+00:00,ahoydb,3.423444563700096,18383094442.666668,0.0
131471595343,eu-north-1,2025-11-06T05:00:00+00:00,ahoydb,3.4289379025406745,18383072665.6,0.0
131471595343,eu-north-1,2025-11-06T06:00:00+00:00,ahoydb,3.4723277175554625,18383050683.733334,0.0
131471595343,eu-north-1,2025-11-06T07:00:00+00:00,ahoydb,3.4306621256207963,18383027950.933334,0.0
131471595343,eu-north-1,2025-11-06T08:00:00+00:00,ahoydb,3.45685209586937,18383005491.2,0.0
131471595343,eu-north-1,2025-11-06T09:00:00+00:00,ahoydb,3.3982078182742015,18382975112.533333,0.0
131471595343,eu-north-1,2025-11-06T10:00:00+00:00,ahoydb,3.4142416802797753,18382953130.666668,0.0
131471595343,eu-north-1,2025-11-06T11:00:00+00:00,ahoydb,3.4394309276795583,18382931421.866665,0.0
131471595343,eu-north-1,2025-11-06T12:00:00+00:00,ahoydb,3.296418335121925,18382908962.133335,0.0
131471595343,eu-north-1,2025-11-06T13:00:00+00:00,ahoydb,3.231678779829549,18382886638.933334,0.0
131471595343,eu-north-1,2025-11-06T14:00:00+00:00,ahoydb,3.340954097839754,18382864725.333332,0.0
131471595343,eu-north-1,2025-11-06T15:00:00+00:00,ahoydb,3.3260073170891853,18382842197.333332,0.0
131471595343,eu-north-1,2025-11-06T16:00:00+00:00,ahoydb,3.352514142735603,18382819396.266666,0.0
131471595343,eu-north-1,2025-11-06T17:00:00+00:00,ahoydb,3.4266274025441747,18382800622.933334,0.0
131471595343,eu-north-1,2025-11-06T18:00:00+00:00,ahoydb,3.4774633723232,18384215108.266666,0.0
131471595343,eu-north-1,2025-11-06T19:00:00+00:00,ahoydb,3.426711192801173,18385152682.666668,0.0
131471595343,eu-north-1,2025-11-06T20:00:00+00:00,ahoydb,3.452490316113381,18385130837.333332,0.0
131471595343,eu-north-1,2025-11-06T21:00:00+00:00,ahoydb,3.4308287399342445,18385108445.866665,0.0
131471595343,eu-north-1,2025-11-06T22:00:00+00:00,ahoydb,3.4561194048791086,18385086668.8,0.0
131471595343,eu-north-1,2025-11-06T23:00:00+00:00,ahoydb,3.434686297241641,18385064004.266666,0.0
131471595343,eu-north-1,2025-11-07T00:00:00+00:00,ahoydb,3.493170445040492,18385041612.8,0.0
131471595343,eu-north-1,2025-11-07T01:00:00+00:00,ahoydb,3.416940647238877,18385019357.866665,0.0
131471595343,eu-north-1,2025-11-07T02:00:00+00:00,ahoydb,3.4304506232619034,18384997034.666668,0.0
131471595343,eu-north-1,2025-11-07T03:00:00+00:00,ahoydb,3.465336637026619,18384974984.533333,0.0
131471595343,eu-north-1,2025-11-07T04:00:00+00:00,ahoydb,3.448334488348451,18384952661.333332,0.0
131471595343,eu-north-1,2025-11-07T05:00:00+00:00,ahoydb,3.4299799277583247,18384930747.733334,0.0
131471595343,eu-north-1,2025-11-07T06:00:00+00:00,ahoydb,3.496529323590651,18384908151.466667,0.0
131471595343,eu-north-1,2025-11-07T07:00:00+00:00,ahoydb,3.4297504833470187,18384884462.933334,0.0
131471595343,eu-north-1,2025-11-07T08:00:00+00:00,ahoydb,3.451538053078966,18384862208.0,0.0
131471595343,eu-north-1,2025-11-07T09:00:00+00:00,ahoydb,3.423054604207112,18384834628.266666,0.0
131471595343,eu-north-1,2025-11-07T10:00:00+00:00,ahoydb,3.409333157131711,18384808482.133335,0.0
131471595343,eu-north-1,2025-11-07T11:00:00+00:00,ahoydb,3.411348303125849,18384786978.133335,0.0
131471595343,eu-north-1,2025-11-07T12:00:00+00:00,ahoydb,3.41848578038064,18384764245.333332,0.0
131471595343,eu-north-1,2025-11-07T13:00:00+00:00,ahoydb,3.4013166274786486,18384742195.2,0.0
131471595343,eu-north-1,2025-11-07T14:00:00+00:00,ahoydb,3.4678589369334225,18384719735.466667,0.0
131471595343,eu-north-1,2025-11-07T15:00:00+00:00,ahoydb,3.207970641595106,18384695773.866665,0.0
131471595343,eu-north-1,2025-11-07T16:00:00+00:00,ahoydb,3.2470677064604074,18384673860.266666,0.0
131471595343,eu-north-1,2025-11-07T17:00:00+00:00,ahoydb,3.27143925814257,18384653516.8,0.0
131471595343,eu-north-1,2025-11-07T18:00:00+00:00,ahoydb,3.4782039508413574,18384628258.133335,0.0
131471595343,eu-north-1,2025-11-07T19:00:00+00:00,ahoydb,3.4122608699150154,18384605730.133335,0.0
131471595343,eu-north-1,2025-11-07T20:00:00+00:00,ahoydb,3.379206849739991,18384583338.666668,0.0
131471595343,eu-north-1,2025-11-07T21:00:00+00:00,ahoydb,3.3972744747555255,18384561220.266666,0.0
131471595343,eu-north-1,2025-11-07T22:00:00+00:00,ahoydb,3.351276823331675,18384538487.466667,0.0
131471595343,eu-north-1,2025-11-07T23:00:00+00:00,ahoydb,3.304426850534621,18384516232.533333,0.0
131471595343,eu-north-1,2025-11-08T00:00:00+00:00,ahoydb,3.385475762812715,18384493977.6,0.0
131471595343,eu-north-1,2025-11-08T01:00:00+00:00,ahoydb,3.4173446214291574,18384471654.4,0.0
131471595343,eu-north-1,2025-11-08T02:00:00+00:00,ahoydb,3.437697750606022,18384449672.533333,0.0
131471595343,eu-north-1,2025-11-08T03:00:00+00:00,ahoydb,3.4776643988159197,18384427281.066666,0.0
131471595343,eu-north-1,2025-11-08T04:00:00+00:00,ahoydb,3.447597906129953,18384404343.466667,0.0
131471595343,eu-north-1,2025-11-08T05:00:00+00:00,ahoydb,3.439974249557032,18384382634.666668,0.0
131471595343,eu-north-1,2025-11-08T06:00:00+00:00,ahoydb,3.4755813619248483,18384359970.133335,0.0
131471595343,eu-north-1,2025-11-08T07:00:00+00:00,ahoydb,3.3920536408787667,18384337237.333332,0.0
131471595343,eu-north-1,2025-11-08T08:00:00+00:00,ahoydb,3.2592656681251535,18384315050.666668,0.0
131471595343,eu-north-1,2025-11-08T09:00:00+00:00,ahoydb,3.4177990467865316,18384290679.466667,0.0
131471595343,eu-north-1,2025-11-08T10:00:00+00:00,ahoydb,3.439639591824467,18384262826.666668,1.0
131471595343,eu-north-1,2025-11-08T11:00:00+00:00,ahoydb,3.399136568965018,18384233472.0,2.683333333333333
131471595343,eu-north-1,2025-11-08T12:00:00+00:00,ahoydb,3.545551424431658,18384164454.4,5.0
131471595343,eu-north-1,2025-11-08T13:00:00+00:00,ahoydb,3.4638080120670263,18384077755.733334,4.716666666666667
131471595343,eu-north-1,2025-11-08T14:00:00+00:00,ahoydb,3.4659739826946176,18384049834.666668,5.0
131471595343,eu-north-1,2025-11-08T15:00:00+00:00,ahoydb,3.4552987634455823,18384027374.933334,5.0
131471595343,eu-north-1,2025-11-08T16:00:00+00:00,ahoydb,3.4585652457788867,18384004915.2,5.0
131471595343,eu-north-1,2025-11-08T17:00:00+00:00,ahoydb,3.4601101650846795,18383985595.733334,5.0
131471595343,eu-north-1,2025-11-08T18:00:00+00:00,ahoydb,3.5329664845506303,18383960473.6,5.0
131471595343,eu-north-1,2025-11-08T19:00:00+00:00,ahoydb,3.4580253795621383,18383937399.466667,5.0
131471595343,eu-north-1,2025-11-08T20:00:00+00:00,ahoydb,3.3586527540164925,18383915417.6,5.0
131471595343,eu-north-1,2025-11-08T21:00:00+00:00,ahoydb,3.3790704157625417,18383892957.866665,5.0
131471595343,eu-north-1,2025-11-08T22:00:00+00:00,ahoydb,3.47075716414332,18383870771.2,5.0
131471595343,eu-north-1,2025-11-08T23:00:00+00:00,ahoydb,3.450102709292877,18383845171.2,5.0
131471595343,eu-north-1,2025-11-09T00:00:00+00:00,ahoydb,3.4987704117435907,18383818274.133335,5.0
131471595343,eu-north-1,2025-11-09T01:00:00+00:00,ahoydb,3.435071687864864,18383795063.466667,5.0
131471595343,eu-north-1,2025-11-09T02:00:00+00:00,ahoydb,3.468181431316542,18383765367.466667,5.0
131471595343,eu-north-1,2025-11-09T03:00:00+00:00,ahoydb,3.4241630006260024,18383742088.533333,3.4166666666666665
131471595343,eu-north-1,2025-11-09T04:00:00+00:00,ahoydb,3.423280540213014,18383720448.0,0.0
131471595343,eu-north-1,2025-11-09T05:00:00+00:00,ahoydb,3.4380116028611685,18383698602.666668,0.0
131471595343,eu-north-1,2025-11-09T06:00:00+00:00,ahoydb,3.4800546692925582,18383676142.933334,0.0
131471595343,eu-north-1,2025-11-09T07:00:00+00:00,ahoydb,3.433104825305857,18383653614.933334,0.0
131471595343,eu-north-1,2025-11-09T08:00:00+00:00,ahoydb,3.448571310675136,18383630540.8,0.0
131471595343,eu-north-1,2025-11-09T09:00:00+00:00,ahoydb,3.505206936740236,18383608012.8,0.0
131471595343,eu-north-1,2025-11-09T10:00:00+00:00,ahoydb,3.461324842482682,18383576951.466667,0.15
131471595343,eu-north-1,2025-11-09T11:00:00+00:00,ahoydb,3.4161653704121067,18383555652.266666,0.0
131471595343,eu-north-1,2025-11-09T12:00:00+00:00,ahoydb,3.4685060428459167,18383533533.866665,0.0
131471595343,eu-north-1,2025-11-09T13:00:00+00:00,ahoydb,3.4273468900701656,18383511210.666668,0.0
131471595343,eu-north-1,2025-11-09T14:00:00+00:00,ahoydb,3.447990025968536,18383489228.8,0.0
131471595343,eu-north-1,2025-11-09T15:00:00+00:00,ahoydb,3.42179441827434,18383466905.6,0.0
131471595343,eu-north-1,2025-11-09T16:00:00+00:00,ahoydb,3.340359671338696,18383444104.533333,0.0
131471595343,eu-north-1,2025-11-09T17:00:00+00:00,ahoydb,3.432137298130116,18383425262.933334,0.0
131471595343,eu-north-1,2025-11-09T18:00:00+00:00,ahoydb,3.491105191641436,18383398092.8,0.0
131471595343,eu-north-1,2025-11-09T19:00:00+00:00,ahoydb,3.466526518436415,18383374336.0,0.0
131471595343,eu-north-1,2025-11-09T20:00:00+00:00,ahoydb,3.463354374922706,18383352081.066666,0.0
131471595343,eu-north-1,2025-11-09T21:00:00+00:00,ahoydb,3.4022170038737682,18383329006.933334,0.0
131471595343,eu-north-1,2025-11-09T22:00:00+00:00,ahoydb,3.398729948525045,18383306820.266666,0.0
131471595343,eu-north-1,2025-11-09T23:00:00+00:00,ahoydb,3.3974904047038175,18383284565.333332,0.0
131471595343,eu-north-1,2025-11-10T00:00:00+00:00,ahoydb,3.4616655136247734,18383261696.0,0.0
131471595343,eu-north-1,2025-11-10T01:00:00+00:00,ahoydb,5.718295321263558,18383224695.466667,0.0
131471595343,eu-north-1,2025-11-10T02:00:00+00:00,ahoydb,3.854710238211783,18383194521.6,0.0
131471595343,eu-north-1,2025-11-10T03:00:00+00:00,ahoydb,3.721666839874342,18383172881.066666,0.0
131471595343,eu-north-1,2025-11-10T04:00:00+00:00,ahoydb,3.610079430428239,18383151240.533333,0.0
131471595343,eu-north-1,2025-11-10T05:00:00+00:00,ahoydb,3.594626342969536,18383129736.533333,0.0
131471595343,eu-north-1,2025-11-10T06:00:00+00:00,ahoydb,3.5680849904585368,18383108369.066666,0.0
131471595343,eu-north-1,2025-11-10T07:00:00+00:00,ahoydb,3.5776162612489317,18383086592.0,0.0
131471595343,eu-north-1,2025-11-10T08:00:00+00:00,ahoydb,3.5961230502674173,18383059080.533333,1.55
131471595343,eu-north-1,2025-11-10T09:00:00+00:00,ahoydb,3.6010268668160763,18383002282.666668,1.9166666666666667
131471595343,eu-north-1,2025-11-10T10:00:00+00:00,ahoydb,3.604695121515297,18382924526.933334,3.6333333333333333
131471595343,eu-north-1,2025-11-10T11:00:00+00:00,ahoydb,3.59352091077514,18382889984.0,3.5
131471595343,eu-north-1,2025-11-10T12:00:00+00:00,ahoydb,3.566641491936253,18382847317.333332,2.566666666666667
131471595343,eu-north-1,2025-11-10T13:00:00+00:00,ahoydb,3.5857876806549323,18382770244.266666,0.6
131471595343,eu-north-1,2025-11-10T14:00:00+00:00,ahoydb,3.5465264285565214,18382695697.066666,2.0833333333333335
131471595343,eu-north-1,2025-11-10T15:00:00+00:00,ahoydb,3.5534244859371635,18382624631.466667,4.566666666666666
131471595343,eu-north-1,2025-11-10T16:00:00+00:00,ahoydb,3.522603987087236,18382583876.266666,4.733333333333333
131471595343,eu-north-1,2025-11-10T17:00:00+00:00,ahoydb,3.495666485609022,18382553565.866665,2.0
131471595343,eu-north-1,2025-11-10T18:00:00+00:00,ahoydb,3.5345235602577594,18382494515.2,3.95
131471595343,eu-north-1,2025-11-10T19:00:00+00:00,ahoydb,3.591605516230838,18382353817.6,6.1
131471595343,eu-north-1,2025-11-10T20:00:00+00:00,ahoydb,3.5180305315443645,18383292484.266666,5.05
131471595343,eu-north-1,2025-11-10T21:00:00+00:00,ahoydb,3.503800050778543,18384653107.2,7.0
131471595343,eu-north-1,2025-11-10T22:00:00+00:00,ahoydb,3.4570810705636132,18384630169.6,7.0
131471595343,eu-north-1,2025-11-10T23:00:00+00:00,ahoydb,3.387818901832086,18384608324.266666,7.0
131471595343,eu-north-1,2025-11-11T00:00:00+00:00,ahoydb,3.446550172799389,18384590370.133335,7.0
131471595343,eu-north-1,2025-11-11T01:00:00+00:00,ahoydb,3.4081248772699766,18384567637.333332,7.0
131471595343,eu-north-1,2025-11-11T02:00:00+00:00,ahoydb,3.489409782600845,18384545518.933334,7.0
131471595343,eu-north-1,2025-11-11T03:00:00+00:00,ahoydb,3.4502193803154286,18384522854.4,7.0
131471595343,eu-north-1,2025-11-11T04:00:00+00:00,ahoydb,3.4815696393246536,18384500804.266666,7.0
131471595343,eu-north-1,2025-11-11T05:00:00+00:00,ahoydb,3.4891214983884518,18384478685.866665,7.0
131471595343,eu-north-1,2025-11-11T06:00:00+00:00,ahoydb,3.4300418768620844,18384456977.066666,7.0
131471595343,eu-north-1,2025-11-11T07:00:00+00:00,ahoydb,3.5525345319820825,18384433288.533333,6.916666666666667
131471595343,eu-north-1,2025-11-11T08:00:00+00:00,ahoydb,3.497193095867064,18384392328.533333,3.5
131471595343,eu-north-1,2025-11-11T09:00:00+00:00,ahoydb,3.55275399869714,18384342835.2,5.3
131471595343,eu-north-1,2025-11-11T10:00:00+00:00,ahoydb,3.535776678184872,18384274432.0,5.616666666666666
131471595343,eu-north-1,2025-11-11T11:00:00+00:00,ahoydb,3.4995379172964607,18384238455.466667,4.5
131471595343,eu-north-1,2025-11-11T12:00:00+00:00,ahoydb,3.5133552691187266,18384200362.666668,6.716666666666667
131471595343,eu-north-1,2025-11-11T13:00:00+00:00,ahoydb,3.5294356883047158,18384181930.666668,7.433333333333334
131471595343,eu-north-1,2025-11-11T14:00:00+00:00,ahoydb,3.4684265083408365,18384073250.133335,3.5
131471595343,eu-north-1,2025-11-11T15:00:00+00:00,ahoydb,3.5024408026901472,18384037273.6,6.166666666666667
131471595343,eu-north-1,2025-11-11T16:00:00+00:00,ahoydb,3.467802176756465,18384016725.333332,3.0
131471595343,eu-north-1,2025-11-11T17:00:00+00:00,ahoydb,3.4928907241411764,18383973444.266666,3.1
131471595343,eu-north-1,2025-11-11T18:00:00+00:00,ahoydb,3.4941656803889916,18383943202.133335,4.833333333333333
131471595343,eu-north-1,2025-11-11T19:00:00+00:00,ahoydb,3.51709413597996,18383921152.0,3.0
131471595343,eu-north-1,2025-11-11T20:00:00+00:00,ahoydb,3.475417686700574,18383899306.666668,3.0
131471595343,eu-north-1,2025-11-11T21:00:00+00:00,ahoydb,3.5026905446148504,18383875959.466667,3.2
131471595343,eu-north-1,2025-11-11T22:00:00+00:00,ahoydb,3.4760923686824934,18383847492.266666,0.0
131471595343,eu-north-1,2025-11-11T23:00:00+00:00,ahoydb,3.4746469103531763,18383826466.133335,0.0
131471595343,eu-north-1,2025-11-12T00:00:00+00:00,ahoydb,3.445061882329646,18383804074.666668,0.0
131471595343,eu-north-1,2025-11-12T01:00:00+00:00,ahoydb,3.5024902917520935,18383781751.466667,0.0
131471595343,eu-north-1,2025-11-12T02:00:00+00:00,ahoydb,3.3829504463303293,18383758404.266666,0.0
131471595343,eu-north-1,2025-11-12T03:00:00+00:00,ahoydb,3.416570169190651,18383736081.066666,0.0
131471595343,eu-north-1,2025-11-12T04:00:00+00:00,ahoydb,3.4061910178961887,18383713006.933334,0.0
131471595343,eu-north-1,2025-11-12T05:00:00+00:00,ahoydb,3.430956631930684,18383691025.066666,0.0
131471595343,eu-north-1,2025-11-12T06:00:00+00:00,ahoydb,3.357432669820648,18360179712.0,0.6333333333333333
131471595343,eu-north-1,2025-11-12T07:00:00+00:00,ahoydb,3.436362073705262,18316510685.866665,2.683333333333333
131471595343,eu-north-1,2025-11-12T08:00:00+00:00,ahoydb,3.324418959755022,18316410402.133335,0.0
131471595343,eu-north-1,2025-11-12T09:00:00+00:00,ahoydb,3.3964009833548245,18316363776.0,3.15
131471595343,eu-north-1,2025-11-12T10:00:00+00:00,ahoydb,3.3463457184404453,18316291140.266666,0.5
131471595343,eu-north-1,2025-11-12T11:00:00+00:00,ahoydb,3.3351500061252684,18316219869.866665,2.0
131471595343,eu-north-1,2025-11-12T12:00:00+00:00,ahoydb,3.3058411528879263,18316178909.866665,4.75
131471595343,eu-north-1,2025-11-12T13:00:00+00:00,ahoydb,3.4044558737015356,18316108049.066666,5.0
131471595343,eu-north-1,2025-11-12T14:00:00+00:00,ahoydb,3.358882066583947,18316084701.866665,5.0
131471595343,eu-north-1,2025-11-12T15:00:00+00:00,ahoydb,3.3548407767732376,18316053094.4,5.0
131471595343,eu-north-1,2025-11-12T16:00:00+00:00,ahoydb,3.3638525703259643,18316039782.4,5.0
131471595343,eu-north-1,2025-11-12T17:00:00+00:00,ahoydb,3.371941632944689,18316017049.6,5.0
131471595343,eu-north-1,2025-11-12T18:00:00+00:00,ahoydb,3.343757804811594,18361853064.533333,5.0
131471595343,eu-north-1,2025-11-12T19:00:00+00:00,ahoydb,3.362604932752778,18383081472.0,5.0
131471595343,eu-north-1,2025-11-12T20:00:00+00:00,ahoydb,3.34432693718673,18383059421.866665,5.0
131471595343,eu-north-1,2025-11-12T21:00:00+00:00,ahoydb,3.405674015144192,18383037030.4,5.0
131471595343,eu-north-1,2025-11-12T22:00:00+00:00,ahoydb,3.3891414984663952,18383011498.666668,5.0
131471595343,eu-north-1,2025-11-12T23:00:00+00:00,ahoydb,3.407451320912559,18382980915.2,1.0
131471595343,eu-north-1,2025-11-13T00:00:00+00:00,ahoydb,3.337420955762169,18382958796.8,0.0
131471595343,eu-north-1,2025-11-13T01:00:00+00:00,ahoydb,3.3802095887301364,18382936541.866665,0.0
131471595343,eu-north-1,2025-11-13T02:00:00+00:00,ahoydb,3.3156118988207566,18382913945.6,0.0
131471595343,eu-north-1,2025-11-13T03:00:00+00:00,ahoydb,3.3634797444923663,18382891690.666668,0.0
131471595343,eu-north-1,2025-11-13T04:00:00+00:00,ahoydb,3.280894459512013,18382869572.266666,0.0
131471595343,eu-north-1,2025-11-13T05:00:00+00:00,ahoydb,3.3716239569258066,18382845815.466667,0.0
131471595343,eu-north-1,2025-11-13T06:00:00+00:00,ahoydb,3.3322400137439914,18382823970.133335,0.0
131471595343,eu-north-1,2025-11-13T07:00:00+00:00,ahoydb,3.345004289544366,18382801169.066666,0.0
131471595343,eu-north-1,2025-11-13T08:00:00+00:00,ahoydb,3.2340378707369006,18382763827.2,2.5166666666666666
131471595343,eu-north-1,2025-11-13T09:00:00+00:00,ahoydb,3.2681282609621616,18382714129.066666,2.55
131471595343,eu-north-1,2025-11-13T10:00:00+00:00,ahoydb,3.4338800378435144,18382645589.333332,4.65
131471595343,eu-north-1,2025-11-13T11:00:00+00:00,ahoydb,3.330766792023956,18382617053.866665,2.6666666666666665
131471595343,eu-north-1,2025-11-13T12:00:00+00:00,ahoydb,3.396428565292952,18382594048.0,1.2
131471595343,eu-north-1,2025-11-13T13:00:00+00:00,ahoydb,3.4325130317334347,18382554043.733334,3.716666666666667
131471595343,eu-north-1,2025-11-13T14:00:00+00:00,ahoydb,3.384471660788331,18382498952.533333,3.35
131471595343,eu-north-1,2025-11-13T15:00:00+00:00,ahoydb,3.4409905489689168,18382487552.0,5.0
131471595343,eu-north-1,2025-11-13T16:00:00+00:00,ahoydb,3.391658978220183,18382473352.533333,4.0
131471595343,eu-north-1,2025-11-13T17:00:00+00:00,ahoydb,3.375009414824427,18382453760.0,0.4166666666666667
131471595343,eu-north-1,2025-11-13T18:00:00+00:00,ahoydb,3.327345528339447,18382428228.266666,1.0
131471595343,eu-north-1,2025-11-13T19:00:00+00:00,ahoydb,3.407085967933857,18382417100.8,3.05
131471595343,eu-north-1,2025-11-13T20:00:00+00:00,ahoydb,3.362218731439777,18382368972.8,4.4
131471595343,eu-north-1,2025-11-13T21:00:00+00:00,ahoydb,3.384056037981664,18382346717.866665,5.0
131471595343,eu-north-1,2025-11-13T22:00:00+00:00,ahoydb,3.478648373297572,18382324258.133335,5.0
131471595343,eu-north-1,2025-11-13T23:00:00+00:00,ahoydb,3.470534806743645,18382302003.2,5.0
131471595343,eu-north-1,2025-11-14T00:00:00+00:00,ahoydb,3.452494086875774,18382279270.4,0.016666666666666666
131471595343,eu-north-1,2025-11-14T01:00:00+00:00,ahoydb,3.5176590604621794,18382257083.733334,0.0
131471595343,eu-north-1,2025-11-14T02:00:00+00:00,ahoydb,3.4268249302196674,18382233804.8,0.0
131471595343,eu-north-1,2025-11-14T03:00:00+00:00,ahoydb,3.3763713968661806,18382211959.466667,0.0
131471595343,eu-north-1,2025-11-14T04:00:00+00:00,ahoydb,3.3823055206273582,18382189294.933334,0.0
131471595343,eu-north-1,2025-11-14T05:00:00+00:00,ahoydb,3.3966868859348796,18382167244.8,0.0
131471595343,eu-north-1,2025-11-14T06:00:00+00:00,ahoydb,3.4350688320001956,18382145194.666668,0.0
131471595343,eu-north-1,2025-11-14T07:00:00+00:00,ahoydb,3.5171240167543103,18382122188.8,0.0
131471595343,eu-north-1,2025-11-14T08:00:00+00:00,ahoydb,3.3703173855699173,18382100411.733334,0.0
131471595343,eu-north-1,2025-11-14T09:00:00+00:00,ahoydb,3.4121094986036566,18382073787.733334,3.5
131471595343,eu-north-1,2025-11-14T10:00:00+00:00,ahoydb,3.3850002415184264,18382069213.866665,4.166666666666667
131471595343,eu-north-1,2025-11-14T11:00:00+00:00,ahoydb,3.4813946867162637,18382081297.066666,4.733333333333333
131471595343,eu-north-1,2025-11-14T12:00:00+00:00,ahoydb,3.4441159611461902,18384175650.133335,5.033333333333333
131471595343,eu-north-1,2025-11-14T13:00:00+00:00,ahoydb,3.4782961964174217,18384176742.4,5.0
131471595343,eu-north-1,2025-11-14T14:00:00+00:00,ahoydb,3.4394619149398085,18384131618.133335,4.583333333333333
131471595343,eu-north-1,2025-11-14T15:00:00+00:00,ahoydb,3.3811146810555597,18384085265.066666,4.166666666666667
131471595343,eu-north-1,2025-11-14T16:00:00+00:00,ahoydb,3.4189606019049523,18384035566.933334,3.05
131471595343,eu-north-1,2025-11-14T17:00:00+00:00,ahoydb,3.508100200570179,18383958493.866665,4.95
131471595343,eu-north-1,2025-11-14T18:00:00+00:00,ahoydb,3.383152409348573,18383910638.933334,5.0
131471595343,eu-north-1,2025-11-14T19:00:00+00:00,ahoydb,3.44930568748387,18383904426.666668,5.0
131471595343,eu-north-1,2025-11-14T20:00:00+00:00,ahoydb,3.388677297236368,18383877529.6,2.6666666666666665
131471595343,eu-north-1,2025-11-14T21:00:00+00:00,ahoydb,3.392383579372772,18383854660.266666,0.0
131471595343,eu-north-1,2025-11-14T22:00:00+00:00,ahoydb,3.392404990148928,18383831927.466667,0.0
131471595343,eu-north-1,2025-11-14T23:00:00+00:00,ahoydb,3.3172812534612555,18383809877.333332,0.0
131471595343,eu-north-1,2025-11-15T00:00:00+00:00,ahoydb,3.3627827723756516,18383786598.4,0.0
131471595343,eu-north-1,2025-11-15T01:00:00+00:00,ahoydb,3.4952201968023107,18383764138.666668,0.0
131471595343,eu-north-1,2025-11-15T02:00:00+00:00,ahoydb,3.2820750988252323,18383741474.133335,0.0
131471595343,eu-north-1,2025-11-15T03:00:00+00:00,ahoydb,3.4755230011724008,18383709388.8,0.0
131471595343,eu-north-1,2025-11-15T04:00:00+00:00,ahoydb,3.4446191801161046,18383696418.133335,0.0
131471595343,eu-north-1,2025-11-15T05:00:00+00:00,ahoydb,3.339152834661135,18383674163.2,0.0
131471595343,eu-north-1,2025-11-15T06:00:00+00:00,ahoydb,3.3621621021758106,18383652249.6,0.0
131471595343,eu-north-1,2025-11-15T07:00:00+00:00,ahoydb,3.4569588244100564,18383629926.4,0.0
131471595343,eu-north-1,2025-11-15T08:00:00+00:00,ahoydb,3.469980430702886,18383611767.466667,0.0
131471595343,eu-north-1,2025-11-15T09:00:00+00:00,ahoydb,3.4119546929941738,18383589785.6,0.0
131471595343,eu-north-1,2025-11-15T10:00:00+00:00,ahoydb,3.359406729478612,18383561728.0,0.0
131471595343,eu-north-1,2025-11-15T11:00:00+00:00,ahoydb,3.3524721839031835,18383537015.466667,0.0
131471595343,eu-north-1,2025-11-15T12:00:00+00:00,ahoydb,3.372326332682599,18383514897.066666,0.0
131471595343,eu-north-1,2025-11-15T13:00:00+00:00,ahoydb,3.4134107003314225,18383491618.133335,0.0
131471595343,eu-north-1,2025-11-15T14:00:00+00:00,ahoydb,3.3784554881029165,18383469226.666668,0.0
131471595343,eu-north-1,2025-11-15T15:00:00+00:00,ahoydb,3.3001741030988683,18383446220.8,0.0
131471595343,eu-north-1,2025-11-15T16:00:00+00:00,ahoydb,3.3083672424285284,18383423351.466667,0.0
131471595343,eu-north-1,2025-11-15T17:00:00+00:00,ahoydb,3.4236175860274525,18383401164.8,0.0
131471595343,eu-north-1,2025-11-15T18:00:00+00:00,ahoydb,3.4318005267930314,18383378432.0,0.0
131471595343,eu-north-1,2025-11-15T19:00:00+00:00,ahoydb,3.4558682732526833,18383356245.333332,0.0
131471595343,eu-north-1,2025-11-15T20:00:00+00:00,ahoydb,3.386626173157772,18383333649.066666,0.0
131471595343,eu-north-1,2025-11-15T21:00:00+00:00,ahoydb,3.4009540597638233,18383310643.2,0.0
131471595343,eu-north-1,2025-11-15T22:00:00+00:00,ahoydb,3.2981343505929734,18383288593.066666,0.0
131471595343,eu-north-1,2025-11-15T23:00:00+00:00,ahoydb,3.374564645640277,18383242854.4,0.0
131471595343,eu-north-1,2025-11-16T00:00:00+00:00,ahoydb,3.295410415049081,18383211656.533333,0.0
131471595343,eu-north-1,2025-11-16T01:00:00+00:00,ahoydb,3.4219958673158137,18383221418.666668,0.0
131471595343,eu-north-1,2025-11-16T02:00:00+00:00,ahoydb,3.382099350077642,18383184554.666668,0.0
131471595343,eu-north-1,2025-11-16T03:00:00+00:00,ahoydb,3.3952759952434732,18383144072.533333,0.0
131471595343,eu-north-1,2025-11-16T04:00:00+00:00,ahoydb,3.356620703840304,18383154380.8,0.0
131471595343,eu-north-1,2025-11-16T05:00:00+00:00,ahoydb,3.409680376764342,18383132535.466667,0.0
131471595343,eu-north-1,2025-11-16T06:00:00+00:00,ahoydb,3.336799332317977,18383110348.8,0.0
131471595343,eu-north-1,2025-11-16T07:00:00+00:00,ahoydb,3.297785462130827,18383087889.066666,0.0
131471595343,eu-north-1,2025-11-16T08:00:00+00:00,ahoydb,3.325807942509103,18383065975.466667,0.0
131471595343,eu-north-1,2025-11-16T09:00:00+00:00,ahoydb,3.3624832317070843,18383043584.0,0.0
131471595343,eu-north-1,2025-11-16T10:00:00+00:00,ahoydb,3.429624370046819,18383043106.133335,0.0
131471595343,eu-north-1,2025-11-16T11:00:00+00:00,ahoydb,3.44832533574801,18383019076.266666,0.0
131471595343,eu-north-1,2025-11-16T12:00:00+00:00,ahoydb,3.4477840754997717,18382996411.733334,0.0
131471595343,eu-north-1,2025-11-16T13:00:00+00:00,ahoydb,3.4076167479764083,18382978116.266666,0.0
131471595343,eu-north-1,2025-11-16T14:00:00+00:00,ahoydb,3.3629552695472125,18382970811.733334,0.0
131471595343,eu-north-1,2025-11-16T15:00:00+00:00,ahoydb,3.4033027910348728,18382965350.4,0.0
131471595343,eu-north-1,2025-11-16T16:00:00+00:00,ahoydb,3.3825347782435724,18382942617.6,0.0
131471595343,eu-north-1,2025-11-16T17:00:00+00:00,ahoydb,3.3833374668237592,18382920089.6,0.0
131471595343,eu-north-1,2025-11-16T18:00:00+00:00,ahoydb,3.376395047250909,18382879744.0,0.0
131471595343,eu-north-1,2025-11-16T19:00:00+00:00,ahoydb,3.402031331564438,18382874965.333332,0.0
131471595343,eu-north-1,2025-11-16T20:00:00+00:00,ahoydb,3.356887721415154,18382861312.0,0.0
131471595343,eu-north-1,2025-11-16T21:00:00+00:00,ahoydb,3.333621535440784,18382842811.733334,0.0
131471595343,eu-north-1,2025-11-16T22:00:00+00:00,ahoydb,3.410501804835577,18382820352.0,0.0
131471595343,eu-north-1,2025-11-16T23:00:00+00:00,ahoydb,3.4070728363278033,18382797960.533333,0.0
131471595343,eu-north-1,2025-11-17T00:00:00+00:00,ahoydb,3.3192602486503477,18382775091.2,0.0
131471595343,eu-north-1,2025-11-17T01:00:00+00:00,ahoydb,3.3718398750066907,18382750924.8,0.0
131471595343,eu-north-1,2025-11-17T02:00:00+00:00,ahoydb,3.4156947207773642,18382723345.066666,0.0
131471595343,eu-north-1,2025-11-17T03:00:00+00:00,ahoydb,3.4208807596529893,18382700544.0,0.0
131471595343,eu-north-1,2025-11-17T04:00:00+00:00,ahoydb,3.3196695925237374,18382677947.733334,0.0
131471595343,eu-north-1,2025-11-17T05:00:00+00:00,ahoydb,3.2486096907990194,18382655488.0,0.0
131471595343,eu-north-1,2025-11-17T06:00:00+00:00,ahoydb,3.2411572491191545,18382626884.266666,3.4833333333333334
131471595343,eu-north-1,2025-11-17T07:00:00+00:00,ahoydb,3.300555530074673,18382585787.733334,3.9166666666666665
131471595343,eu-north-1,2025-11-17T08:00:00+00:00,ahoydb,3.2840268028291546,18382543257.6,4.2
131471595343,eu-north-1,2025-11-17T09:00:00+00:00,ahoydb,3.2984638737934655,18382438673.066666,3.2
131471595343,eu-north-1,2025-11-17T10:00:00+00:00,ahoydb,3.2834162349509426,18382379895.466667,4.3
131471595343,eu-north-1,2025-11-17T11:00:00+00:00,ahoydb,3.3473315444554625,18382344192.0,3.25
131471595343,eu-north-1,2025-11-17T12:00:00+00:00,ahoydb,3.3337867419203677,18382317363.2,4.916666666666667
131471595343,eu-north-1,2025-11-17T13:00:00+00:00,ahoydb,3.3269295201125315,18382284868.266666,5.0
131471595343,eu-north-1,2025-11-17T14:00:00+00:00,ahoydb,3.3202681874860285,18382261657.6,5.0
131471595343,eu-north-1,2025-11-17T15:00:00+00:00,ahoydb,3.3355728193200997,18382239129.6,5.0
131471595343,eu-north-1,2025-11-17T16:00:00+00:00,ahoydb,3.307516539759552,18382216533.333332,5.0
131471595343,eu-north-1,2025-11-17T17:00:00+00:00,ahoydb,3.308990270659726,18382194141.866665,5.0
131471595343,eu-north-1,2025-11-17T18:00:00+00:00,ahoydb,3.266549878574904,18382171886.933334,5.0
131471595343,eu-north-1,2025-11-17T19:00:00+00:00,ahoydb,3.3209199505880336,18382149563.733334,5.0
131471595343,eu-north-1,2025-11-17T20:00:00+00:00,ahoydb,3.2695668959185005,18382127104.0,5.0
131471595343,eu-north-1,2025-11-17T21:00:00+00:00,ahoydb,3.276276663775087,18382104849.066666,5.0
131471595343,eu-north-1,2025-11-17T22:00:00+00:00,ahoydb,3.2701030614017546,18382082594.133335,5.0
131471595343,eu-north-1,2025-11-17T23:00:00+00:00,ahoydb,3.2977208609622672,18382060066.133335,5.0
131471595343,eu-north-1,2025-11-18T00:00:00+00:00,ahoydb,3.3464115696984824,18382036241.066666,5.0
131471595343,eu-north-1,2025-11-18T01:00:00+00:00,ahoydb,3.373079173918458,18381979374.933334,1.9166666666666667
131471595343,eu-north-1,2025-11-18T02:00:00+00:00,ahoydb,3.2617641816833394,18381944081.066666,0.0
131471595343,eu-north-1,2025-11-18T03:00:00+00:00,ahoydb,3.2973087638652445,18381912610.133335,0.0
131471595343,eu-north-1,2025-11-18T04:00:00+00:00,ahoydb,3.2733564438138814,18381899434.666668,0.0
131471595343,eu-north-1,2025-11-18T05:00:00+00:00,ahoydb,3.276305990669069,18381876770.133335,0.0
131471595343,eu-north-1,2025-11-18T06:00:00+00:00,ahoydb,3.2702860712344792,18381854856.533333,0.0
131471595343,eu-north-1,2025-11-18T07:00:00+00:00,ahoydb,3.3170610186341607,18382870391.466667,0.0
131471595343,eu-north-1,2025-11-18T08:00:00+00:00,ahoydb,3.264483387729759,18384205550.933334,0.0
131471595343,eu-north-1,2025-11-18T09:00:00+00:00,ahoydb,3.2747399365609597,18384183296.0,0.0
131471595343,eu-north-1,2025-11-18T10:00:00+00:00,ahoydb,3.37889171741279,18384158651.733334,0.0
131471595343,eu-north-1,2025-11-18T11:00:00+00:00,ahoydb,3.2637569369407435,18384130252.8,0.0
131471595343,eu-north-1,2025-11-18T12:00:00+00:00,ahoydb,3.2872386737092456,18384108134.4,0.0
131471595343,eu-north-1,2025-11-18T13:00:00+00:00,ahoydb,3.335898640595784,18384084718.933334,0.4166666666666667
131471595343,eu-north-1,2025-11-18T14:00:00+00:00,ahoydb,3.320548736424087,18384053930.666668,5.0
131471595343,eu-north-1,2025-11-18T15:00:00+00:00,ahoydb,3.312691675081174,18384030993.066666,4.25
131471595343,eu-north-1,2025-11-18T16:00:00+00:00,ahoydb,3.2880935821848993,18384008806.4,0.0
131471595343,eu-north-1,2025-11-18T17:00:00+00:00,ahoydb,3.332242302232053,18383985459.2,0.0
131471595343,eu-north-1,2025-11-18T18:00:00+00:00,ahoydb,3.246366489905792,18383963204.266666,0.0
131471595343,eu-north-1,2025-11-18T19:00:00+00:00,ahoydb,3.320580372518563,18383938013.866665,0.8666666666666667
131471595343,eu-north-1,2025-11-18T20:00:00+00:00,ahoydb,3.2397078111723308,18383869815.466667,1.8
131471595343,eu-north-1,2025-11-18T21:00:00+00:00,ahoydb,3.27848390590633,18383763319.466667,5.0
131471595343,eu-north-1,2025-11-18T22:00:00+00:00,ahoydb,3.267145980527736,18383729459.2,5.0
131471595343,eu-north-1,2025-11-18T23:00:00+00:00,ahoydb,3.316964034870293,18383706931.2,5.0
131471595343,eu-north-1,2025-11-19T00:00:00+00:00,ahoydb,3.270569681028837,18383684949.333332,5.0
131471595343,eu-north-1,2025-11-19T01:00:00+00:00,ahoydb,3.331544850575269,18383662353.066666,5.0
131471595343,eu-north-1,2025-11-19T02:00:00+00:00,ahoydb,3.314309744352673,18383639688.533333,5.0
131471595343,eu-north-1,2025-11-19T03:00:00+00:00,ahoydb,3.368869206897087,18383607466.666668,5.0
131471595343,eu-north-1,2025-11-19T04:00:00+00:00,ahoydb,3.320314098127682,18383593745.066666,5.0
131471595343,eu-north-1,2025-11-19T05:00:00+00:00,ahoydb,3.3314114492215388,18383571353.6,5.0
131471595343,eu-north-1,2025-11-19T06:00:00+00:00,ahoydb,3.2755629415030056,18383548620.8,5.0
131471595343,eu-north-1,2025-11-19T07:00:00+00:00,ahoydb,3.3354587487958,18383526161.066666,5.0
131471595343,eu-north-1,2025-11-19T08:00:00+00:00,ahoydb,3.2874995238577696,18383495372.8,5.0
131471595343,eu-north-1,2025-11-19T09:00:00+00:00,ahoydb,3.289447569422498,18383423829.333332,3.8666666666666667
131471595343,eu-north-1,2025-11-19T10:00:00+00:00,ahoydb,3.3076371901200035,18383362730.666668,4.9
131471595343,eu-north-1,2025-11-19T11:00:00+00:00,ahoydb,3.282507212832877,18383328802.133335,1.9333333333333333
131471595343,eu-north-1,2025-11-19T12:00:00+00:00,ahoydb,3.276660255091983,18383307229.866665,0.0
131471595343,eu-north-1,2025-11-19T13:00:00+00:00,ahoydb,3.335345812450391,18383284701.866665,0.0
131471595343,eu-north-1,2025-11-19T14:00:00+00:00,ahoydb,3.334073105872022,18383261696.0,0.0
131471595343,eu-north-1,2025-11-19T15:00:00+00:00,ahoydb,3.2880374373615613,18383211656.533333,0.0
131471595343,eu-north-1,2025-11-19T16:00:00+00:00,ahoydb,3.253049096030745,18383216025.6,0.0
131471595343,eu-north-1,2025-11-19T17:00:00+00:00,ahoydb,3.256486100398732,18383194112.0,0.0
131471595343,eu-north-1,2025-11-19T18:00:00+00:00,ahoydb,3.298729575154085,18383168785.066666,4.0
131471595343,eu-north-1,2025-11-19T19:00:00+00:00,ahoydb,3.3173056115258537,18383145437.866665,5.0
131471595343,eu-north-1,2025-11-19T20:00:00+00:00,ahoydb,3.2745782464143662,18383122500.266666,2.2
131471595343,eu-north-1,2025-11-19T21:00:00+00:00,ahoydb,3.272890931159723,18383100518.4,0.0
131471595343,eu-north-1,2025-11-19T22:00:00+00:00,ahoydb,3.2701326644426048,18383078058.666668,0.0
131471595343,eu-north-1,2025-11-19T23:00:00+00:00,ahoydb,3.2833771063572073,18383054916.266666,0.0
131471595343,eu-north-1,2025-11-20T00:00:00+00:00,ahoydb,3.29504788614601,18383031637.333332,0.0
131471595343,eu-north-1,2025-11-20T01:00:00+00:00,ahoydb,3.311969429261624,18383009177.6,0.0
131471595343,eu-north-1,2025-11-20T02:00:00+00:00,ahoydb,3.2879309218855752,18382985352.533333,0.0
131471595343,eu-north-1,2025-11-20T03:00:00+00:00,ahoydb,3.310144031305815,18382962892.8,0.0
131471595343,eu-north-1,2025-11-20T04:00:00+00:00,ahoydb,3.2668524786519106,18382939886.933334,0.0
131471595343,eu-north-1,2025-11-20T05:00:00+00:00,ahoydb,3.2904865273806094,18382916949.333332,0.0
131471595343,eu-north-1,2025-11-20T06:00:00+00:00,ahoydb,3.2685140935680437,18382894557.866665,0.0
131471595343,eu-north-1,2025-11-20T07:00:00+00:00,ahoydb,3.3104766124688334,18382870664.533333,0.0
131471595343,eu-north-1,2025-11-20T08:00:00+00:00,ahoydb,3.2415382954619134,18382848000.0,0.0
131471595343,eu-north-1,2025-11-20T09:00:00+00:00,ahoydb,3.28501023225406,18382825472.0,0.0
131471595343,eu-north-1,2025-11-20T10:00:00+00:00,ahoydb,3.2710172539975657,18382803148.8,0.0
131471595343,eu-north-1,2025-11-20T11:00:00+00:00,ahoydb,3.273119869603332,18382773589.333332,0.0
131471595343,eu-north-1,2025-11-20T12:00:00+00:00,ahoydb,3.2546772042465264,18382748330.666668,0.0
131471595343,eu-north-1,2025-11-20T13:00:00+00:00,ahoydb,3.306856502226921,18382725597.866665,0.0
131471595343,eu-north-1,2025-11-20T14:00:00+00:00,ahoydb,3.251093877242546,18382701499.733334,0.0
131471595343,eu-north-1,2025-11-20T15:00:00+00:00,ahoydb,3.282645983174858,18382678084.266666,0.0
131471595343,eu-north-1,2025-11-20T16:00:00+00:00,ahoydb,3.2687856030249796,18382655488.0,0.0
131471595343,eu-north-1,2025-11-20T17:00:00+00:00,ahoydb,3.2727519528436657,18382632686.933334,0.0
131471595343,eu-north-1,2025-11-20T18:00:00+00:00,ahoydb,3.245927891992496,18382610432.0,0.0
131471595343,eu-north-1,2025-11-20T19:00:00+00:00,ahoydb,3.294505624371839,18382588040.533333,0.0
131471595343,eu-north-1,2025-11-20T20:00:00+00:00,ahoydb,3.273784169943111,18382565580.8,0.0
131471595343,eu-north-1,2025-11-20T21:00:00+00:00,ahoydb,3.2628008455860074,18382534314.666668,0.0
131471595343,eu-north-1,2025-11-20T22:00:00+00:00,ahoydb,3.2433572047163253,18382519978.666668,0.0
131471595343,eu-north-1,2025-11-20T23:00:00+00:00,ahoydb,3.2617834378126656,18382497518.933334,0.0
131471595343,eu-north-1,2025-11-21T00:00:00+00:00,ahoydb,3.254535803425001,18382465911.466667,0.0
131471595343,eu-north-1,2025-11-21T01:00:00+00:00,ahoydb,3.3250640440861257,18382450892.8,0.0
131471595343,eu-north-1,2025-11-21T02:00:00+00:00,ahoydb,3.2449352818097847,18382427682.133335,0.0
131471595343,eu-north-1,2025-11-21T03:00:00+00:00,ahoydb,3.2959321737842098,18382404266.666668,0.0
131471595343,eu-north-1,2025-11-21T04:00:00+00:00,ahoydb,3.2576451019486976,18382381329.066666,0.0
131471595343,eu-north-1,2025-11-21T05:00:00+00:00,ahoydb,3.2601803628301442,18382358664.533333,0.0
131471595343,eu-north-1,2025-11-21T06:00:00+00:00,ahoydb,3.26260072384022,18382316407.466667,0.0
131471595343,eu-north-1,2025-11-21T07:00:00+00:00,ahoydb,3.3158393738410052,18382312106.666668,0.0
131471595343,eu-north-1,2025-11-21T08:00:00+00:00,ahoydb,3.247585940571376,18382289373.866665,0.0
131471595343,eu-north-1,2025-11-21T09:00:00+00:00,ahoydb,3.2807628045698616,18382266914.133335,0.0
131471595343,eu-north-1,2025-11-21T10:00:00+00:00,ahoydb,3.2318994970918036,18382244249.6,0.0
131471595343,eu-north-1,2025-11-21T11:00:00+00:00,ahoydb,3.245036901225188,18382216465.066666,0.0
131471595343,eu-north-1,2025-11-21T12:00:00+00:00,ahoydb,3.248154157096101,18382190387.2,0.0
131471595343,eu-north-1,2025-11-21T13:00:00+00:00,ahoydb,3.3031509085678317,18382166903.466667,0.0
131471595343,eu-north-1,2025-11-21T14:00:00+00:00,ahoydb,3.227422959213267,18382146423.466667,0.0
131471595343,eu-north-1,2025-11-21T15:00:00+00:00,ahoydb,3.2616269064963115,18382123895.466667,0.0
131471595343,eu-north-1,2025-11-21T16:00:00+00:00,ahoydb,3.24431019969518,18382100138.666668,0.0
131471595343,eu-north-1,2025-11-21T17:00:00+00:00,ahoydb,3.263763892776735,18382072081.066666,2.75
131471595343,eu-north-1,2025-11-21T18:00:00+00:00,ahoydb,3.25652340612135,18382045388.8,5.0
131471595343,eu-north-1,2025-11-21T19:00:00+00:00,ahoydb,3.3106682456668555,18382021768.533333,5.0
131471595343,eu-north-1,2025-11-21T20:00:00+00:00,ahoydb,3.2738191878188925,18382002926.933334,5.0
131471595343,eu-north-1,2025-11-21T21:00:00+00:00,ahoydb,3.282252478881067,18381980194.133335,5.0
131471595343,eu-north-1,2025-11-21T22:00:00+00:00,ahoydb,3.298315382563375,18381957393.066666,5.0
131471595343,eu-north-1,2025-11-21T23:00:00+00:00,ahoydb,3.3254258897831073,18381934045.866665,5.0
131471595343,eu-north-1,2025-11-22T00:00:00+00:00,ahoydb,3.285071013141194,18381910698.666668,5.0
131471595343,eu-north-1,2025-11-22T01:00:00+00:00,ahoydb,3.2961834415226487,18381888102.4,5.0
131471595343,eu-north-1,2025-11-22T02:00:00+00:00,ahoydb,3.218805522700308,18381865164.8,5.0
131471595343,eu-north-1,2025-11-22T03:00:00+00:00,ahoydb,3.263355898327148,18381842636.8,5.0
131471595343,eu-north-1,2025-11-22T04:00:00+00:00,ahoydb,3.2505262191388646,18381819835.733334,5.0
131471595343,eu-north-1,2025-11-22T05:00:00+00:00,ahoydb,3.2944627751654547,18381796488.533333,5.0
131471595343,eu-north-1,2025-11-22T06:00:00+00:00,ahoydb,3.2765278277873477,18381773482.666668,5.0
131471595343,eu-north-1,2025-11-22T07:00:00+00:00,ahoydb,3.318835278861317,18381750681.6,5.0
131471595343,eu-north-1,2025-11-22T08:00:00+00:00,ahoydb,3.2557461261958935,18381727812.266666,5.0
131471595343,eu-north-1,2025-11-22T09:00:00+00:00,ahoydb,3.2710340963354496,18381705147.733334,5.0
131471595343,eu-north-1,2025-11-22T10:00:00+00:00,ahoydb,3.2374305478724508,18381680913.066666,0.08333333333333333
131471595343,eu-north-1,2025-11-22T11:00:00+00:00,ahoydb,3.233012138688831,18382851345.066666,0.0
131471595343,eu-north-1,2025-11-22T12:00:00+00:00,ahoydb,3.25708870758787,18384016179.2,0.0
131471595343,eu-north-1,2025-11-22T13:00:00+00:00,ahoydb,3.2906126417441897,18383992832.0,0.0
131471595343,eu-north-1,2025-11-22T14:00:00+00:00,ahoydb,3.2257874411111334,18383970030.933334,0.0
131471595343,eu-north-1,2025-11-22T15:00:00+00:00,ahoydb,3.2467166250652677,18383947434.666668,0.0
131471595343,eu-north-1,2025-11-22T16:00:00+00:00,ahoydb,3.2359615026243715,18383924497.066666,0.0
131471595343,eu-north-1,2025-11-22T17:00:00+00:00,ahoydb,3.245085005137592,18383901491.2,0.0
131471595343,eu-north-1,2025-11-22T18:00:00+00:00,ahoydb,3.2443253836757937,18383878417.066666,0.0
131471595343,eu-north-1,2025-11-22T19:00:00+00:00,ahoydb,3.298108596042149,18383855752.533333,0.0
131471595343,eu-north-1,2025-11-22T20:00:00+00:00,ahoydb,3.244449703959952,18383833497.6,0.0
131471595343,eu-north-1,2025-11-22T21:00:00+00:00,ahoydb,3.2599465601252584,18383810560.0,0.0
131471595343,eu-north-1,2025-11-22T22:00:00+00:00,ahoydb,3.242658549377883,18383788305.066666,0.0
131471595343,eu-north-1,2025-11-22T23:00:00+00:00,ahoydb,3.2330118480148617,18383765572.266666,0.0
131471595343,eu-north-1,2025-11-23T00:00:00+00:00,ahoydb,3.235421357642822,18383743180.8,0.0
131471595343,eu-north-1,2025-11-23T01:00:00+00:00,ahoydb,3.295583767728089,18383720516.266666,0.0
131471595343,eu-north-1,2025-11-23T02:00:00+00:00,ahoydb,3.243826764357339,18383696759.466667,0.0
131471595343,eu-north-1,2025-11-23T03:00:00+00:00,ahoydb,3.3024833674319223,18383674504.533333,0.0
131471595343,eu-north-1,2025-11-23T04:00:00+00:00,ahoydb,3.257966587869324,18383651498.666668,0.0
131471595343,eu-north-1,2025-11-23T05:00:00+00:00,ahoydb,3.2558437595429353,18383628424.533333,0.0
131471595343,eu-north-1,2025-11-23T06:00:00+00:00,ahoydb,3.230525566029301,18383606169.6,0.0
131471595343,eu-north-1,2025-11-23T07:00:00+00:00,ahoydb,3.283068384212809,18383582003.2,0.0
131471595343,eu-north-1,2025-11-23T08:00:00+00:00,ahoydb,3.239179586848488,18383559202.133335,0.0
131471595343,eu-north-1,2025-11-23T09:00:00+00:00,ahoydb,3.2598289150314863,18383536537.6,0.0
131471595343,eu-north-1,2025-11-23T10:00:00+00:00,ahoydb,3.2448742350176714,18383513258.666668,0.0
131471595343,eu-north-1,2025-11-23T11:00:00+00:00,ahoydb,3.255948310607345,18383490935.466667,0.0
131471595343,eu-north-1,2025-11-23T12:00:00+00:00,ahoydb,3.221743204412681,18383460761.6,0.0
131471595343,eu-north-1,2025-11-23T13:00:00+00:00,ahoydb,3.277502323603504,18383437414.4,0.0
131471595343,eu-north-1,2025-11-23T14:00:00+00:00,ahoydb,3.219323991474306,18383414340.266666,0.0
131471595343,eu-north-1,2025-11-23T15:00:00+00:00,ahoydb,3.2301828744231966,18383391607.466667,0.0
131471595343,eu-north-1,2025-11-23T16:00:00+00:00,ahoydb,3.2576560330845137,18383369216.0,0.0
131471595343,eu-north-1,2025-11-23T17:00:00+00:00,ahoydb,3.2345908428294905,18383346414.933334,0.0
131471595343,eu-north-1,2025-11-23T18:00:00+00:00,ahoydb,3.2562675391929785,18383323272.533333,0.0
131471595343,eu-north-1,2025-11-23T19:00:00+00:00,ahoydb,3.293874748469927,18383300812.8,0.0
131471595343,eu-north-1,2025-11-23T20:00:00+00:00,ahoydb,3.2311298670168704,18383278216.533333,0.0
131471595343,eu-north-1,2025-11-23T21:00:00+00:00,ahoydb,3.2576205269718543,18383256166.4,0.0
131471595343,eu-north-1,2025-11-23T22:00:00+00:00,ahoydb,3.2608273937215344,18383233228.8,0.0
131471595343,eu-north-1,2025-11-23T23:00:00+00:00,ahoydb,3.284296351182178,18383209540.266666,0.0
131471595343,eu-north-1,2025-11-24T00:00:00+00:00,ahoydb,3.2277986503682388,18383187217.066666,0.0
131471595343,eu-north-1,2025-11-24T01:00:00+00:00,ahoydb,4.597877474685273,18383159504.271187,0.0
131471595343,eu-north-1,2025-11-24T02:00:00+00:00,ahoydb,3.7365665042906793,18383124343.466667,0.0
131471595343,eu-north-1,2025-11-24T03:00:00+00:00,ahoydb,3.5848053440181333,18383102702.933334,0.0
131471595343,eu-north-1,2025-11-24T04:00:00+00:00,ahoydb,3.4596619054722244,18383080925.866665,0.0
131471595343,eu-north-1,2025-11-24T05:00:00+00:00,ahoydb,3.4631070371335864,18383059148.8,0.0
131471595343,eu-north-1,2025-11-24T06:00:00+00:00,ahoydb,3.4578640240937952,18383037235.2,0.0
131471595343,eu-north-1,2025-11-24T07:00:00+00:00,ahoydb,3.45836561587035,18383015526.4,0.0
131471595343,eu-north-1,2025-11-24T08:00:00+00:00,ahoydb,3.390247799708528,18382994090.666668,0.0
131471595343,eu-north-1,2025-11-24T09:00:00+00:00,ahoydb,3.3774533586813495,18382972586.666668,0.0
131471595343,eu-north-1,2025-11-24T10:00:00+00:00,ahoydb,3.39431656759949,18382950877.866665,0.0
131471595343,eu-north-1,2025-11-24T11:00:00+00:00,ahoydb,3.438212708930438,18382929442.133335,0.0
131471595343,eu-north-1,2025-11-24T12:00:00+00:00,ahoydb,3.4091781314164176,18382903091.2,0.0
131471595343,eu-north-1,2025-11-24T13:00:00+00:00,ahoydb,3.40697789093418,18382878037.333332,0.0
131471595343,eu-north-1,2025-11-24T14:00:00+00:00,ahoydb,3.4371234734679073,18382855850.666668,0.0
131471595343,eu-north-1,2025-11-24T15:00:00+00:00,ahoydb,3.4171113737983823,18382832776.533333,0.0
131471595343,eu-north-1,2025-11-24T16:00:00+00:00,ahoydb,3.3275044231009265,18382810658.133335,0.0
131471595343,eu-north-1,2025-11-24T17:00:00+00:00,ahoydb,3.3315885192178167,18382789290.666668,0.0
131471595343,eu-north-1,2025-11-24T18:00:00+00:00,ahoydb,3.3178148228985926,18382767650.133335,0.0
131471595343,eu-north-1,2025-11-24T19:00:00+00:00,ahoydb,3.3563646787883856,18382745326.933334,0.0
131471595343,eu-north-1,2025-11-24T20:00:00+00:00,ahoydb,3.330390385601837,18382722867.2,0.0
131471595343,eu-north-1,2025-11-24T21:00:00+00:00,ahoydb,3.327650412019464,18382700407.466667,0.0
131471595343,eu-north-1,2025-11-24T22:00:00+00:00,ahoydb,3.3266706283340484,18382678220.8,0.0
131471595343,eu-north-1,2025-11-24T23:00:00+00:00,ahoydb,3.3153010727800867,18382655214.933334,0.0
131471595343,eu-north-1,2025-11-25T00:00:00+00:00,ahoydb,3.325554526801006,18382637670.4,0.0
131471595343,eu-north-1,2025-11-25T01:00:00+00:00,ahoydb,3.3328940760953976,18382615210.666668,0.0
131471595343,eu-north-1,2025-11-25T02:00:00+00:00,ahoydb,3.3105449498596404,18382593024.0,0.0
131471595343,eu-north-1,2025-11-25T03:00:00+00:00,ahoydb,3.3461962586503935,18360200055.466667,0.0
131471595343,eu-north-1,2025-11-25T04:00:00+00:00,ahoydb,3.2834976153155817,18315435895.466667,0.0
131471595343,eu-north-1,2025-11-25T05:00:00+00:00,ahoydb,3.2858082948785143,18315413981.866665,0.0
131471595343,eu-north-1,2025-11-25T06:00:00+00:00,ahoydb,3.2891447570747276,18315392000.0,0.0
131471595343,eu-north-1,2025-11-25T07:00:00+00:00,ahoydb,3.3462604547823243,18315368789.333332,0.0
131471595343,eu-north-1,2025-11-25T08:00:00+00:00,ahoydb,3.29177778377054,18315346739.2,0.0
131471595343,eu-north-1,2025-11-25T09:00:00+00:00,ahoydb,3.3159954737260136,18315324416.0,0.0
131471595343,eu-north-1,2025-11-25T10:00:00+00:00,ahoydb,3.308613248341429,18315301751.466667,0.0
131471595343,eu-north-1,2025-11-25T11:00:00+00:00,ahoydb,3.3144181117192404,18315279769.6,0.0
131471595343,eu-north-1,2025-11-25T12:00:00+00:00,ahoydb,3.2784073117494787,18376772539.733334,0.0
131471595343,eu-north-1,2025-11-25T13:00:00+00:00,ahoydb,3.321937673079776,18382336477.866665,0.0
131471595343,eu-north-1,2025-11-25T14:00:00+00:00,ahoydb,3.264684947821483,18382313949.866665,0.0
131471595343,eu-north-1,2025-11-25T15:00:00+00:00,ahoydb,3.304540345402581,18326363136.0,0.0
131471595343,eu-north-1,2025-11-25T16:00:00+00:00,ahoydb,3.333594731182808,18315131016.533333,5.55
131471595343,eu-north-1,2025-11-25T17:00:00+00:00,ahoydb,3.3399020007382263,18315098521.6,8.0
131471595343,eu-north-1,2025-11-25T18:00:00+00:00,ahoydb,3.284996529320192,18348628718.933334,1.9333333333333333
131471595343,eu-north-1,2025-11-25T19:00:00+00:00,ahoydb,3.3169392750472024,18382162193.066666,0.0
131471595343,eu-north-1,2025-11-25T20:00:00+00:00,ahoydb,3.3005683361006777,18382139323.733334,0.0
131471595343,eu-north-1,2025-11-25T21:00:00+00:00,ahoydb,3.320944432687007,18382117273.6,0.0
131471595343,eu-north-1,2025-11-25T22:00:00+00:00,ahoydb,3.292037026487032,18382094813.866665,0.0
131471595343,eu-north-1,2025-11-25T23:00:00+00:00,ahoydb,3.3404160892376646,18382072012.8,0.0
131471595343,eu-north-1,2025-11-26T00:00:00+00:00,ahoydb,3.340984390344493,18382050099.2,0.0
131471595343,eu-north-1,2025-11-26T01:00:00+00:00,ahoydb,3.3656114759051112,18382026888.533333,0.0
131471595343,eu-north-1,2025-11-26T02:00:00+00:00,ahoydb,3.223799444760333,18382003814.4,0.0
131471595343,eu-north-1,2025-11-26T03:00:00+00:00,ahoydb,3.4139077906957596,18381981832.533333,0.0
131471595343,eu-north-1,2025-11-26T04:00:00+00:00,ahoydb,3.2563585302704263,18381956642.133335,0.0
131471595343,eu-north-1,2025-11-26T05:00:00+00:00,ahoydb,3.346019921489048,18381933841.066666,0.0
131471595343,eu-north-1,2025-11-26T06:00:00+00:00,ahoydb,3.292317567595726,18381911790.933334,0.0
131471595343,eu-north-1,2025-11-26T07:00:00+00:00,ahoydb,3.3990575085210035,18381888034.133335,0.0
131471595343,eu-north-1,2025-11-26T08:00:00+00:00,ahoydb,3.2733134191791446,18381866188.8,0.0
131471595343,eu-north-1,2025-11-26T09:00:00+00:00,ahoydb,3.2995539642951903,18381843933.866665,0.0
131471595343,eu-north-1,2025-11-26T10:00:00+00:00,ahoydb,3.3130966032070313,18381821132.8,0.0
131471595343,eu-north-1,2025-11-26T11:00:00+00:00,ahoydb,3.316086615293037,18381798809.6,0.0
131471595343,eu-north-1,2025-11-26T12:00:00+00:00,ahoydb,3.2973301857560253,18381775257.6,0.0
131471595343,eu-north-1,2025-11-26T13:00:00+00:00,ahoydb,3.363612119340947,18381744742.4,0.0
131471595343,eu-north-1,2025-11-26T14:00:00+00:00,ahoydb,3.3118000645402135,18381721873.066666,0.0
131471595343,eu-north-1,2025-11-26T15:00:00+00:00,ahoydb,3.2970460452921744,18381699618.133335,0.0
131471595343,eu-north-1,2025-11-26T16:00:00+00:00,ahoydb,3.265691463928003,18381677294.933334,0.0
131471595343,eu-north-1,2025-11-26T17:00:00+00:00,ahoydb,3.2728871673837148,18381654766.933334,0.0
131471595343,eu-north-1,2025-11-26T18:00:00+00:00,ahoydb,3.2758711768152105,18381632443.733334,0.0
131471595343,eu-north-1,2025-11-26T19:00:00+00:00,ahoydb,3.323598618709677,18382408430.933334,0.0
131471595343,eu-north-1,2025-11-26T20:00:00+00:00,ahoydb,3.2795658831574213,18383980748.8,0.0
131471595343,eu-north-1,2025-11-26T21:00:00+00:00,ahoydb,3.2823458318921745,18383958562.133335,0.0
131471595343,eu-north-1,2025-11-26T22:00:00+00:00,ahoydb,3.3156343561398245,18383935965.866665,0.0
131471595343,eu-north-1,2025-11-26T23:00:00+00:00,ahoydb,3.272957212702583,18383916032.0,0.0
131471595343,eu-north-1,2025-11-27T00:00:00+00:00,ahoydb,3.283142017319799,18383894391.466667,0.0
131471595343,eu-north-1,2025-11-27T01:00:00+00:00,ahoydb,3.3384970189172645,18383871385.6,0.0
131471595343,eu-north-1,2025-11-27T02:00:00+00:00,ahoydb,3.2848871743855432,18383848243.2,0.0
131471595343,eu-north-1,2025-11-27T03:00:00+00:00,ahoydb,3.309036368935417,18383826193.066666,0.0
131471595343,eu-north-1,2025-11-27T04:00:00+00:00,ahoydb,3.2824298414683137,18383803050.666668,0.0
131471595343,eu-north-1,2025-11-27T05:00:00+00:00,ahoydb,3.32432471085419,18383780864.0,0.0
131471595343,eu-north-1,2025-11-27T06:00:00+00:00,ahoydb,3.2867117407179274,18383759018.666668,0.0
131471595343,eu-north-1,2025-11-27T07:00:00+00:00,ahoydb,3.316073134629124,18383736217.6,0.0
131471595343,eu-north-1,2025-11-27T08:00:00+00:00,ahoydb,3.2668587971022713,18383714372.266666,0.0
131471595343,eu-north-1,2025-11-27T09:00:00+00:00,ahoydb,3.3043099158177176,18383692117.333332,0.0
131471595343,eu-north-1,2025-11-27T10:00:00+00:00,ahoydb,3.3921140369069103,18383669862.4,0.0
131471595343,eu-north-1,2025-11-27T11:00:00+00:00,ahoydb,3.268598672750577,18383647129.6,0.0
131471595343,eu-north-1,2025-11-27T12:00:00+00:00,ahoydb,3.2958192794016754,18383622280.533333,0.0
131471595343,eu-north-1,2025-11-27T13:00:00+00:00,ahoydb,3.3139370002036292,18383593949.866665,0.0
131471595343,eu-north-1,2025-11-27T14:00:00+00:00,ahoydb,3.2799225244357073,18383564322.133335,0.0
131471595343,eu-north-1,2025-11-27T15:00:00+00:00,ahoydb,3.27773281429923,18383541043.2,0.0
131471595343,eu-north-1,2025-11-27T16:00:00+00:00,ahoydb,3.2623627972380285,18383518856.533333,0.0
131471595343,eu-north-1,2025-11-27T17:00:00+00:00,ahoydb,3.24525562116164,18383496055.466667,0.0
131471595343,eu-north-1,2025-11-27T18:00:00+00:00,ahoydb,3.262889528387924,18383473664.0,0.0
131471595343,eu-north-1,2025-11-27T19:00:00+00:00,ahoydb,3.3423592977240335,18383451340.8,0.0
131471595343,eu-north-1,2025-11-27T20:00:00+00:00,ahoydb,3.2732982999604503,18383429290.666668,0.0
131471595343,eu-north-1,2025-11-27T21:00:00+00:00,ahoydb,3.274539594294266,18383407513.6,0.0
131471595343,eu-north-1,2025-11-27T22:00:00+00:00,ahoydb,3.2900756245701546,18383384917.333332,0.0
131471595343,eu-north-1,2025-11-27T23:00:00+00:00,ahoydb,3.2717060048845488,18383362867.2,0.0
131471595343,eu-north-1,2025-11-28T00:00:00+00:00,ahoydb,3.266367940655281,18383322453.333332,0.0
131471595343,eu-north-1,2025-11-28T01:00:00+00:00,ahoydb,3.3379332939683173,18383317879.466667,0.0
131471595343,eu-north-1,2025-11-28T02:00:00+00:00,ahoydb,3.2903149268056926,18383295283.2,0.0
131471595343,eu-north-1,2025-11-28T03:00:00+00:00,ahoydb,3.318422983834492,18383273301.333332,0.0
131471595343,eu-north-1,2025-11-28T04:00:00+00:00,ahoydb,3.2880481224119387,18383250090.666668,0.0
131471595343,eu-north-1,2025-11-28T05:00:00+00:00,ahoydb,3.323394949045211,18383227630.933334,0.0
131471595343,eu-north-1,2025-11-28T06:00:00+00:00,ahoydb,3.2740189941127387,18383205034.666668,0.0
131471595343,eu-north-1,2025-11-28T07:00:00+00:00,ahoydb,3.33630758676811,18383181755.733334,0.0
131471595343,eu-north-1,2025-11-28T08:00:00+00:00,ahoydb,3.2652982732746514,18383159910.4,0.0
131471595343,eu-north-1,2025-11-28T09:00:00+00:00,ahoydb,3.309314381295326,18383137109.333332,0.0
131471595343,eu-north-1,2025-11-28T10:00:00+00:00,ahoydb,3.280571841253234,18383114717.866665,0.0
131471595343,eu-north-1,2025-11-28T11:00:00+00:00,ahoydb,3.278229813310255,18383092531.2,0.0
131471595343,eu-north-1,2025-11-28T12:00:00+00:00,ahoydb,3.28317724375894,18383069798.4,0.0
131471595343,eu-north-1,2025-11-28T13:00:00+00:00,ahoydb,3.3392264350197154,18383045632.0,0.0
131471595343,eu-north-1,2025-11-28T14:00:00+00:00,ahoydb,3.2710672085452352,18383016482.133335,0.0
131471595343,eu-north-1,2025-11-28T15:00:00+00:00,ahoydb,3.2994113984032585,18382994158.933334,0.0
131471595343,eu-north-1,2025-11-28T16:00:00+00:00,ahoydb,3.2882255155747178,18382972108.8,0.0
131471595343,eu-north-1,2025-11-28T17:00:00+00:00,ahoydb,3.307611696438093,18382949580.8,0.0
131471595343,eu-north-1,2025-11-28T18:00:00+00:00,ahoydb,3.260401389227198,18382927803.733334,0.0
131471595343,eu-north-1,2025-11-28T19:00:00+00:00,ahoydb,3.3202580922724283,18382904934.4,0.0
131471595343,eu-north-1,2025-11-28T20:00:00+00:00,ahoydb,3.2944247764803056,18382881314.133335,0.0
131471595343,eu-north-1,2025-11-28T21:00:00+00:00,ahoydb,3.290266824072588,18382859468.8,0.0
131471595343,eu-north-1,2025-11-28T22:00:00+00:00,ahoydb,3.2620420547865216,18382836736.0,0.0
131471595343,eu-north-1,2025-11-28T23:00:00+00:00,ahoydb,3.2694401945440217,18382814276.266666,0.0
131471595343,eu-north-1,2025-11-29T00:00:00+00:00,ahoydb,3.288629354257138,18382792226.133335,0.0
131471595343,eu-north-1,2025-11-29T01:00:00+00:00,ahoydb,3.3059203026084902,18382769152.0,0.0
131471595343,eu-north-1,2025-11-29T02:00:00+00:00,ahoydb,3.2762418849784996,18382746828.8,0.0
131471595343,eu-north-1,2025-11-29T03:00:00+00:00,ahoydb,3.3439927520671033,18382724437.333332,0.0
131471595343,eu-north-1,2025-11-29T04:00:00+00:00,ahoydb,3.314700491806423,18382702045.866665,0.0
131471595343,eu-north-1,2025-11-29T05:00:00+00:00,ahoydb,3.297960857592231,18382679927.466667,0.0
131471595343,eu-north-1,2025-11-29T06:00:00+00:00,ahoydb,3.2655766075014467,18382657740.8,0.0
131471595343,eu-north-1,2025-11-29T07:00:00+00:00,ahoydb,3.318820412406046,18382635622.4,0.0
131471595343,eu-north-1,2025-11-29T08:00:00+00:00,ahoydb,3.359939253674765,18382613230.933334,0.0
131471595343,eu-north-1,2025-11-29T09:00:00+00:00,ahoydb,3.2162640435200283,18382591453.866665,0.0
131471595343,eu-north-1,2025-11-29T10:00:00+00:00,ahoydb,3.273593152219612,18382569130.666668,0.0
131471595343,eu-north-1,2025-11-29T11:00:00+00:00,ahoydb,3.2572004920729674,18382546807.466667,0.0
131471595343,eu-north-1,2025-11-29T12:00:00+00:00,ahoydb,3.2599513273927108,18382524825.6,0.0
131471595343,eu-north-1,2025-11-29T13:00:00+00:00,ahoydb,3.299639051237553,18382502365.866665,0.0
131471595343,eu-north-1,2025-11-29T14:00:00+00:00,ahoydb,3.251198077703284,18382699656.533333,0.0
131471595343,eu-north-1,2025-11-29T15:00:00+00:00,ahoydb,3.2919359717063688,18382706892.8,0.0
131471595343,eu-north-1,2025-11-29T16:00:00+00:00,ahoydb,3.28491527115771,18382684091.733334,0.0
131471595343,eu-north-1,2025-11-29T17:00:00+00:00,ahoydb,3.2834961533510496,18382662041.6,0.0
131471595343,eu-north-1,2025-11-29T18:00:00+00:00,ahoydb,3.2661047955011226,18382640128.0,0.0
131471595343,eu-north-1,2025-11-29T19:00:00+00:00,ahoydb,3.319030684952408,18382616849.066666,0.0
131471595343,eu-north-1,2025-11-29T20:00:00+00:00,ahoydb,3.264275974165709,18382595072.0,0.0
131471595343,eu-north-1,2025-11-29T21:00:00+00:00,ahoydb,3.3011137915425683,18382572407.466667,0.0
131471595343,eu-north-1,2025-11-29T22:00:00+00:00,ahoydb,3.2192703204286066,18382549196.8,0.0
131471595343,eu-north-1,2025-11-29T23:00:00+00:00,ahoydb,3.2660282230386364,18382523255.466667,0.0
131471595343,eu-north-1,2025-11-30T00:00:00+00:00,ahoydb,3.303907682779111,18382499908.266666,0.0
131471595343,eu-north-1,2025-11-30T01:00:00+00:00,ahoydb,3.3110211116224564,18382477380.266666,0.0
131471595343,eu-north-1,2025-11-30T02:00:00+00:00,ahoydb,3.2560730695354763,18382454442.666668,0.0
131471595343,eu-north-1,2025-11-30T03:00:00+00:00,ahoydb,3.3091271573600496,18382412868.266666,0.0
131471595343,eu-north-1,2025-11-30T04:00:00+00:00,ahoydb,3.2736159684043495,18382409181.866665,0.0
131471595343,eu-north-1,2025-11-30T05:00:00+00:00,ahoydb,3.277065220392909,18382386858.666668,0.0
131471595343,eu-north-1,2025-11-30T06:00:00+00:00,ahoydb,3.2722247851761437,18382363989.333332,0.0
131471595343,eu-north-1,2025-11-30T07:00:00+00:00,ahoydb,3.328735951981845,18382342212.266666,0.0
131471595343,eu-north-1,2025-11-30T08:00:00+00:00,ahoydb,3.2498319804880316,18382318592.0,0.0
131471595343,eu-north-1,2025-11-30T09:00:00+00:00,ahoydb,3.2607034581182766,18382296883.2,0.0
131471595343,eu-north-1,2025-11-30T10:00:00+00:00,ahoydb,3.2506406534320322,18382273809.066666,0.0
131471595343,eu-north-1,2025-11-30T11:00:00+00:00,ahoydb,3.2871108511335065,18382250939.733334,0.0
131471595343,eu-north-1,2025-11-30T12:00:00+00:00,ahoydb,3.2778682906858174,18382229094.4,0.0
131471595343,eu-north-1,2025-11-30T13:00:00+00:00,ahoydb,3.3065111190717937,18382206088.533333,0.0
131471595343,eu-north-1,2025-11-30T14:00:00+00:00,ahoydb,3.272664589047855,18382178713.6,0.0
131471595343,eu-north-1,2025-11-30T15:00:00+00:00,ahoydb,3.2808932555850427,18382152635.733334,0.0
131471595343,eu-north-1,2025-11-30T16:00:00+00:00,ahoydb,3.2594782497409236,18382128332.8,0.0
131471595343,eu-north-1,2025-11-30T17:00:00+00:00,ahoydb,3.298431906750368,18382106077.866665,0.0
131471595343,eu-north-1,2025-11-30T18:00:00+00:00,ahoydb,3.287469448696983,18382083822.933334,0.0
131471595343,eu-north-1,2025-11-30T19:00:00+00:00,ahoydb,3.3024798641108437,18382060544.0,0.0
131471595343,eu-north-1,2025-11-30T20:00:00+00:00,ahoydb,3.2738890036116692,18382037333.333332,0.6666666666666666
131471595343,eu-north-1,2025-11-30T21:00:00+00:00,ahoydb,3.2751052484310885,18381992550.4,1.9166666666666667
131471595343,eu-north-1,2025-11-30T22:00:00+00:00,ahoydb,3.2377872234132705,18381970978.133335,0.0
131471595343,eu-north-1,2025-11-30T23:00:00+00:00,ahoydb,3.319993927208215,18380809352.533333,0.08333333333333333
131471595343,eu-north-1,2025-12-01T00:00:00+00:00,ahoydb,3.2699859565852165,18374004053.333332,0.016666666666666666
131471595343,eu-north-1,2025-12-01T01:00:00+00:00,ahoydb,3.363834979897995,18373872093.866665,0.0
131471595343,eu-north-1,2025-12-01T02:00:00+00:00,ahoydb,3.3142569633457324,18373846903.466667,0.0
131471595343,eu-north-1,2025-12-01T03:00:00+00:00,ahoydb,3.3243740908840973,18373818026.666668,0.0
131471595343,eu-north-1,2025-12-01T04:00:00+00:00,ahoydb,3.28368109869599,18375756322.133335,0.0
131471595343,eu-north-1,2025-12-01T05:00:00+00:00,ahoydb,3.309498922774547,18376173636.266666,0.0
131471595343,eu-north-1,2025-12-01T06:00:00+00:00,ahoydb,3.325951712610539,18376151040.0,0.0
131471595343,eu-north-1,2025-12-01T07:00:00+00:00,ahoydb,3.301916119060166,18376128648.533333,0.0
131471595343,eu-north-1,2025-12-01T08:00:00+00:00,ahoydb,3.2724880687322186,18376105779.2,0.0
131471595343,eu-north-1,2025-12-01T09:00:00+00:00,ahoydb,3.2918976406183362,18376084138.666668,0.0
131471595343,eu-north-1,2025-12-01T10:00:00+00:00,ahoydb,3.276238338297804,18376061747.2,0.0
131471595343,eu-north-1,2025-12-01T11:00:00+00:00,ahoydb,3.3734983197481885,18376039219.2,0.0
131471595343,eu-north-1,2025-12-01T12:00:00+00:00,ahoydb,3.2965334475040016,18376016486.4,0.016666666666666666
131471595343,eu-north-1,2025-12-01T13:00:00+00:00,ahoydb,3.313367039158632,18375994026.666668,0.8166666666666667
131471595343,eu-north-1,2025-12-01T14:00:00+00:00,ahoydb,3.2705912529097807,18375894220.8,0.3333333333333333
131471595343,eu-north-1,2025-12-01T15:00:00+00:00,ahoydb,3.305617822169705,18375811754.666668,0.0
131471595343,eu-north-1,2025-12-01T16:00:00+00:00,ahoydb,3.2622971424818137,18375789021.866665,0.0
131471595343,eu-north-1,2025-12-01T17:00:00+00:00,ahoydb,3.299274296826438,18375766835.2,0.0
131471595343,eu-north-1,2025-12-01T18:00:00+00:00,ahoydb,3.294982582746434,18375744512.0,0.0
131471595343,eu-north-1,2025-12-01T19:00:00+00:00,ahoydb,3.326605853403281,18375480320.0,0.3333333333333333
131471595343,eu-north-1,2025-12-01T20:00:00+00:00,ahoydb,3.2628649508065055,18375428573.866665,0.15
131471595343,eu-north-1,2025-12-01T21:00:00+00:00,ahoydb,3.3280700410490436,18371476889.6,0.5166666666666667
131471595343,eu-north-1,2025-12-01T22:00:00+00:00,ahoydb,3.3651626553400873,18366692761.6,0.8833333333333333
131471595343,eu-north-1,2025-12-01T23:00:00+00:00,ahoydb,3.2936421905190647,18366661290.666668,0.0
131471595343,eu-north-1,2025-12-02T00:00:00+00:00,ahoydb,3.287373910065629,18366638899.2,0.0
131471595343,eu-north-1,2025-12-02T01:00:00+00:00,ahoydb,3.3330988773994883,18366616302.933334,0.0
131471595343,eu-north-1,2025-12-02T02:00:00+00:00,ahoydb,3.2890232110096402,18366593365.333332,0.0
131471595343,eu-north-1,2025-12-02T03:00:00+00:00,ahoydb,3.32881501430462,18366570973.866665,0.0
131471595343,eu-north-1,2025-12-02T04:00:00+00:00,ahoydb,3.307694693014178,18366548309.333332,0.0
131471595343,eu-north-1,2025-12-02T05:00:00+00:00,ahoydb,3.327369815438659,18366524825.6,0.0
131471595343,eu-north-1,2025-12-02T06:00:00+00:00,ahoydb,3.302981708297653,18366502707.2,0.0
131471595343,eu-north-1,2025-12-02T07:00:00+00:00,ahoydb,3.38181780582664,18366479633.066666,0.0
131471595343,eu-north-1,2025-12-02T08:00:00+00:00,ahoydb,3.2915624127223047,18366456900.266666,0.0
131471595343,eu-north-1,2025-12-02T09:00:00+00:00,ahoydb,3.3146470904570484,18366434440.533333,0.0
131471595343,eu-north-1,2025-12-02T10:00:00+00:00,ahoydb,3.3129788909518862,18366410683.733334,0.0
131471595343,eu-north-1,2025-12-02T11:00:00+00:00,ahoydb,3.288412757107971,18366388087.466667,0.0
131471595343,eu-north-1,2025-12-02T12:00:00+00:00,ahoydb,3.2998849743158973,18366361122.133335,0.0
131471595343,eu-north-1,2025-12-02T13:00:00+00:00,ahoydb,3.3548931745302455,18366334498.133335,0.0
131471595343,eu-north-1,2025-12-02T14:00:00+00:00,ahoydb,3.292677038182399,18366311287.466667,0.0
131471595343,eu-north-1,2025-12-02T15:00:00+00:00,ahoydb,3.299114773799469,18366288281.6,0.0
131471595343,eu-north-1,2025-12-02T16:00:00+00:00,ahoydb,3.2747621397795026,18366265139.2,0.0
131471595343,eu-north-1,2025-12-02T17:00:00+00:00,ahoydb,3.2920442430859658,18366242679.466667,0.0
131471595343,eu-north-1,2025-12-02T18:00:00+00:00,ahoydb,3.261191399801483,18366219468.8,0.0
131471595343,eu-north-1,2025-12-02T19:00:00+00:00,ahoydb,3.3253134832696296,18366196804.266666,0.0
131471595343,eu-north-1,2025-12-02T20:00:00+00:00,ahoydb,3.290413398807389,18366174685.866665,0.0
131471595343,eu-north-1,2025-12-02T21:00:00+00:00,ahoydb,3.302728352793655,18366152294.4,0.0
131471595343,eu-north-1,2025-12-02T22:00:00+00:00,ahoydb,3.2959185432071743,18366129902.933334,0.0
131471595343,eu-north-1,2025-12-02T23:00:00+00:00,ahoydb,3.2795374984568353,18366107374.933334,0.0
131471595343,eu-north-1,2025-12-03T00:00:00+00:00,ahoydb,3.2621265997828206,18366085393.066666,0.0
131471595343,eu-north-1,2025-12-03T01:00:00+00:00,ahoydb,3.3236151541720154,18366062933.333332,0.0
131471595343,eu-north-1,2025-12-03T02:00:00+00:00,ahoydb,3.2626595236017635,18365983470.933334,0.7666666666666667
131471595343,eu-north-1,2025-12-03T03:00:00+00:00,ahoydb,3.333221840128949,18365803042.133335,6.316666666666666
131471595343,eu-north-1,2025-12-03T04:00:00+00:00,ahoydb,3.3018090422683937,18365780104.533333,5.0
131471595343,eu-north-1,2025-12-03T05:00:00+00:00,ahoydb,3.300232124523783,18365757303.466667,5.0
131471595343,eu-north-1,2025-12-03T06:00:00+00:00,ahoydb,3.3132358230676715,18365734229.333332,5.0
131471595343,eu-north-1,2025-12-03T07:00:00+00:00,ahoydb,3.337307093290288,18365710131.2,5.0
131471595343,eu-north-1,2025-12-03T08:00:00+00:00,ahoydb,3.2881578462258667,18365687193.6,5.0
131471595343,eu-north-1,2025-12-03T09:00:00+00:00,ahoydb,3.3129391334398495,18365665211.733334,5.0
131471595343,eu-north-1,2025-12-03T10:00:00+00:00,ahoydb,3.2835506228476317,18365642069.333332,5.0
131471595343,eu-north-1,2025-12-03T11:00:00+00:00,ahoydb,3.325329842869444,18365619746.133335,5.0
131471595343,eu-north-1,2025-12-03T12:00:00+00:00,ahoydb,3.2886782081652752,18365593736.533333,5.0
131471595343,eu-north-1,2025-12-03T13:00:00+00:00,ahoydb,3.3405080239116387,18365560627.2,5.0
131471595343,eu-north-1,2025-12-03T14:00:00+00:00,ahoydb,3.2867068553230845,18365537075.2,5.0
131471595343,eu-north-1,2025-12-03T15:00:00+00:00,ahoydb,3.313091573145078,18365514274.133335,5.0
131471595343,eu-north-1,2025-12-03T16:00:00+00:00,ahoydb,3.3249905593336737,18365491404.8,5.0
131471595343,eu-north-1,2025-12-03T17:00:00+00:00,ahoydb,3.349989426278671,18365469081.6,5.0
131471595343,eu-north-1,2025-12-03T18:00:00+00:00,ahoydb,3.2996801048222704,18365446553.6,5.0
131471595343,eu-north-1,2025-12-03T19:00:00+00:00,ahoydb,3.3459835752811578,18365423752.533333,5.0
131471595343,eu-north-1,2025-12-03T20:00:00+00:00,ahoydb,3.2801004202022663,18365401634.133335,5.0
131471595343,eu-north-1,2025-12-03T21:00:00+00:00,ahoydb,3.2922975265055143,18365351526.4,5.0
131471595343,eu-north-1,2025-12-03T22:00:00+00:00,ahoydb,3.306490365949566,18365356714.666668,5.0
131471595343,eu-north-1,2025-12-03T23:00:00+00:00,ahoydb,3.291215557967639,18365334323.2,5.0
131471595343,eu-north-1,2025-12-04T00:00:00+00:00,ahoydb,3.2828815204096986,18365311931.733334,5.0
131471595343,eu-north-1,2025-12-04T01:00:00+00:00,ahoydb,3.3656186359224107,18365289198.933334,5.0
131471595343,eu-north-1,2025-12-04T02:00:00+00:00,ahoydb,3.3142811939368024,18365266056.533333,5.0
131471595343,eu-north-1,2025-12-04T03:00:00+00:00,ahoydb,3.370406395337985,18365243050.666668,5.0
131471595343,eu-north-1,2025-12-04T04:00:00+00:00,ahoydb,3.3243297388436335,18365220795.733334,5.0
131471595343,eu-north-1,2025-12-04T05:00:00+00:00,ahoydb,3.3252694713617226,18365197516.8,5.0
131471595343,eu-north-1,2025-12-04T06:00:00+00:00,ahoydb,3.320057934885568,18365175739.733334,5.0
131471595343,eu-north-1,2025-12-04T07:00:00+00:00,ahoydb,3.304296915422236,18365152938.666668,5.0
131471595343,eu-north-1,2025-12-04T08:00:00+00:00,ahoydb,3.318928666815557,18365130342.4,5.0
131471595343,eu-north-1,2025-12-04T09:00:00+00:00,ahoydb,3.331065934786693,18365107609.6,5.0
131471595343,eu-north-1,2025-12-04T10:00:00+00:00,ahoydb,3.2894444499859476,18365085218.133335,5.0
131471595343,eu-north-1,2025-12-04T11:00:00+00:00,ahoydb,3.291518797382255,18365062485.333332,5.0
131471595343,eu-north-1,2025-12-04T12:00:00+00:00,ahoydb,3.301800576837912,18365040366.933334,5.0
131471595343,eu-north-1,2025-12-04T13:00:00+00:00,ahoydb,3.3367812300804416,18365008349.866665,5.0
131471595343,eu-north-1,2025-12-04T14:00:00+00:00,ahoydb,3.2906855009228035,18364984866.133335,5.0
131471595343,eu-north-1,2025-12-04T15:00:00+00:00,ahoydb,3.2970448439021323,18364962406.4,5.0
131471595343,eu-north-1,2025-12-04T16:00:00+00:00,ahoydb,3.3215085824218704,18364938786.133335,3.0
131471595343,eu-north-1,2025-12-04T17:00:00+00:00,ahoydb,3.3005423612895157,18364917350.4,0.0
131471595343,eu-north-1,2025-12-04T18:00:00+00:00,ahoydb,3.2651195228704584,18364894685.866665,0.0
131471595343,eu-north-1,2025-12-04T19:00:00+00:00,ahoydb,3.3044662301908123,18364872499.2,0.0
131471595343,eu-north-1,2025-12-04T20:00:00+00:00,ahoydb,3.2755463523216153,18364850176.0,0.0
131471595343,eu-north-1,2025-12-04T21:00:00+00:00,ahoydb,3.318493911213778,18364826828.8,0.0
131471595343,eu-north-1,2025-12-04T22:00:00+00:00,ahoydb,3.284706562728842,18364804027.733334,0.0
131471595343,eu-north-1,2025-12-04T23:00:00+00:00,ahoydb,3.2766337269358123,18364781704.533333,0.0
131471595343,eu-north-1,2025-12-05T00:00:00+00:00,ahoydb,3.2646762299494894,18364758698.666668,0.0
131471595343,eu-north-1,2025-12-05T01:00:00+00:00,ahoydb,3.3279187485447403,18364736034.133335,0.0
131471595343,eu-north-1,2025-12-05T02:00:00+00:00,ahoydb,3.288850942148682,18364712345.6,0.0
131471595343,eu-north-1,2025-12-05T03:00:00+00:00,ahoydb,3.3199041341673055,18364689885.866665,0.0
131471595343,eu-north-1,2025-12-05T04:00:00+00:00,ahoydb,3.278712503010972,18364667494.4,0.0
131471595343,eu-north-1,2025-12-05T05:00:00+00:00,ahoydb,3.2807929825432725,18364644010.666668,0.0
131471595343,eu-north-1,2025-12-05T06:00:00+00:00,ahoydb,3.2828844280890626,18364621550.933334,0.0
131471595343,eu-north-1,2025-12-05T07:00:00+00:00,ahoydb,3.3294365920159197,18364598681.6,0.0
131471595343,eu-north-1,2025-12-05T08:00:00+00:00,ahoydb,3.314202353772049,18364575197.866665,0.0
131471595343,eu-north-1,2025-12-05T09:00:00+00:00,ahoydb,3.3055328771585937,18366307805.866665,0.0
131471595343,eu-north-1,2025-12-05T10:00:00+00:00,ahoydb,3.297255910362698,18366922205.866665,0.0
131471595343,eu-north-1,2025-12-05T11:00:00+00:00,ahoydb,3.3158179822824905,18366899473.066666,0.0
131471595343,eu-north-1,2025-12-05T12:00:00+00:00,ahoydb,3.2822726538920097,18366877491.2,0.0
131471595343,eu-north-1,2025-12-05T13:00:00+00:00,ahoydb,3.3218493540011216,18366842948.266666,1.0333333333333334
131471595343,eu-north-1,2025-12-05T14:00:00+00:00,ahoydb,3.2943575279432142,18366812364.8,2.0
131471595343,eu-north-1,2025-12-05T15:00:00+00:00,ahoydb,3.330421202761791,18366788676.266666,2.0
131471595343,eu-north-1,2025-12-05T16:00:00+00:00,ahoydb,3.318285396307489,18366764100.266666,2.0
131471595343,eu-north-1,2025-12-05T17:00:00+00:00,ahoydb,3.311245402661903,18366741708.8,2.0
131471595343,eu-north-1,2025-12-05T18:00:00+00:00,ahoydb,3.299965688252064,18366719180.8,2.0
131471595343,eu-north-1,2025-12-05T19:00:00+00:00,ahoydb,3.3774409802335037,18366696448.0,2.0
131471595343,eu-north-1,2025-12-05T20:00:00+00:00,ahoydb,3.3133115193533897,18366674124.8,2.0
131471595343,eu-north-1,2025-12-05T21:00:00+00:00,ahoydb,3.31373579116456,18366650845.866665,2.0
131471595343,eu-north-1,2025-12-05T22:00:00+00:00,ahoydb,3.2824892701990214,18366627908.266666,0.2833333333333333
131471595343,eu-north-1,2025-12-05T23:00:00+00:00,ahoydb,3.318074725018574,18366605721.6,0.0
131471595343,eu-north-1,2025-12-06T00:00:00+00:00,ahoydb,3.2521656487492616,18344212275.2,0.0
131471595343,eu-north-1,2025-12-06T01:00:00+00:00,ahoydb,3.3164085631041322,18299450845.866665,0.0
131471595343,eu-north-1,2025-12-06T02:00:00+00:00,ahoydb,3.299405830581364,18299427430.4,0.0
131471595343,eu-north-1,2025-12-06T03:00:00+00:00,ahoydb,3.2897831719784976,18299404356.266666,0.0
131471595343,eu-north-1,2025-12-06T04:00:00+00:00,ahoydb,3.271644959771847,18299381691.733334,0.0
131471595343,eu-north-1,2025-12-06T05:00:00+00:00,ahoydb,3.291588642007754,18299359027.2,0.0
131471595343,eu-north-1,2025-12-06T06:00:00+00:00,ahoydb,3.280481427230371,18299337113.6,0.0
131471595343,eu-north-1,2025-12-06T07:00:00+00:00,ahoydb,3.316220613133248,18299314176.0,0.0
131471595343,eu-north-1,2025-12-06T08:00:00+00:00,ahoydb,3.298538059906274,18299290828.8,0.0
131471595343,eu-north-1,2025-12-06T09:00:00+00:00,ahoydb,3.3163707515562115,18299268642.133335,0.0
131471595343,eu-north-1,2025-12-06T10:00:00+00:00,ahoydb,3.282334812166037,18299245431.466667,0.0
131471595343,eu-north-1,2025-12-06T11:00:00+00:00,ahoydb,3.3047479196200777,18299222357.333332,0.0
131471595343,eu-north-1,2025-12-06T12:00:00+00:00,ahoydb,3.239402714875845,18299200034.133335,0.0
131471595343,eu-north-1,2025-12-06T13:00:00+00:00,ahoydb,3.2963184871618894,18299173683.2,0.0
131471595343,eu-north-1,2025-12-06T14:00:00+00:00,ahoydb,3.251722694703956,18299144806.4,0.0
131471595343,eu-north-1,2025-12-06T15:00:00+00:00,ahoydb,3.274876784919816,18327084032.0,0.0
131471595343,eu-north-1,2025-12-06T16:00:00+00:00,ahoydb,3.280526218369509,18366208136.533333,0.0
131471595343,eu-north-1,2025-12-06T17:00:00+00:00,ahoydb,3.265571927045258,18366185335.466667,0.0
131471595343,eu-north-1,2025-12-06T18:00:00+00:00,ahoydb,3.2731616467021762,18366162875.733334,0.0
131471595343,eu-north-1,2025-12-06T19:00:00+00:00,ahoydb,3.3529507961011054,18366139801.6,0.0
131471595343,eu-north-1,2025-12-06T20:00:00+00:00,ahoydb,3.3027829299370937,18366117546.666668,0.0
131471595343,eu-north-1,2025-12-06T21:00:00+00:00,ahoydb,3.297758541653558,18366094199.466667,0.0
131471595343,eu-north-1,2025-12-06T22:00:00+00:00,ahoydb,3.2726231932527936,18366071671.466667,0.0
131471595343,eu-north-1,2025-12-06T23:00:00+00:00,ahoydb,3.256940422628358,18366049348.266666,0.0
131471595343,eu-north-1,2025-12-07T00:00:00+00:00,ahoydb,3.2872706480411673,18366026683.733334,0.0
131471595343,eu-north-1,2025-12-07T01:00:00+00:00,ahoydb,3.3145836548869982,18366003950.933334,0.0
131471595343,eu-north-1,2025-12-07T02:00:00+00:00,ahoydb,3.277294677020428,18365981013.333332,0.0
131471595343,eu-north-1,2025-12-07T03:00:00+00:00,ahoydb,3.310842689895075,18365958621.866665,0.0
131471595343,eu-north-1,2025-12-07T04:00:00+00:00,ahoydb,3.2588075868321367,18365935889.066666,0.0
131471595343,eu-north-1,2025-12-07T05:00:00+00:00,ahoydb,3.3040603169034832,18365912883.2,0.0
131471595343,eu-north-1,2025-12-07T06:00:00+00:00,ahoydb,3.2460769200547035,18365890150.4,0.0
131471595343,eu-north-1,2025-12-07T07:00:00+00:00,ahoydb,3.3114732043442285,18365867827.2,0.0
131471595343,eu-north-1,2025-12-07T08:00:00+00:00,ahoydb,3.250171219765825,18365844411.733334,0.0
131471595343,eu-north-1,2025-12-07T09:00:00+00:00,ahoydb,3.254022796311205,18365822225.066666,0.0
131471595343,eu-north-1,2025-12-07T10:00:00+00:00,ahoydb,3.270787225005201,18365799287.466667,0.0
131471595343,eu-north-1,2025-12-07T11:00:00+00:00,ahoydb,3.297289162108099,18365776008.533333,0.0
131471595343,eu-north-1,2025-12-07T12:00:00+00:00,ahoydb,3.2870337340407194,18365754026.666668,0.0
131471595343,eu-north-1,2025-12-07T13:00:00+00:00,ahoydb,3.2943122083117964,18365731225.6,0.0
131471595343,eu-north-1,2025-12-07T14:00:00+00:00,ahoydb,3.2704163354645854,18365700573.866665,0.0
131471595343,eu-north-1,2025-12-07T15:00:00+00:00,ahoydb,3.3030062516114964,18365677226.666668,0.0
131471595343,eu-north-1,2025-12-07T16:00:00+00:00,ahoydb,3.2804354831307134,18365654493.866665,0.0
131471595343,eu-north-1,2025-12-07T17:00:00+00:00,ahoydb,3.2586055953249926,18365631897.6,0.0
131471595343,eu-north-1,2025-12-07T18:00:00+00:00,ahoydb,3.2471589539848433,18365609779.2,0.0
131471595343,eu-north-1,2025-12-07T19:00:00+00:00,ahoydb,3.2918961663987476,18365586363.733334,0.0
131471595343,eu-north-1,2025-12-07T20:00:00+00:00,ahoydb,3.3019360992766593,18365493521.066666,0.0
131471595343,eu-north-1,2025-12-07T21:00:00+00:00,ahoydb,3.290896072033909,18365416379.733334,0.0
131471595343,eu-north-1,2025-12-07T22:00:00+00:00,ahoydb,3.3068425908745005,18365392349.866665,0.0
131471595343,eu-north-1,2025-12-07T23:00:00+00:00,ahoydb,3.3271041727707766,18365369685.333332,0.06666666666666667
131471595343,eu-north-1,2025-12-08T00:00:00+00:00,ahoydb,3.406653119323875,18365155054.933334,2.1333333333333333
131471595343,eu-north-1,2025-12-08T01:00:00+00:00,ahoydb,3.567122785073049,18364964113.066666,3.6
131471595343,eu-north-1,2025-12-08T02:00:00+00:00,ahoydb,3.21921728879861,18364907929.6,0.0
131471595343,eu-north-1,2025-12-08T03:00:00+00:00,ahoydb,3.299040925372315,18364882534.4,0.0
131471595343,eu-north-1,2025-12-08T04:00:00+00:00,ahoydb,3.2634870613720866,18364852906.666668,0.0
131471595343,eu-north-1,2025-12-08T05:00:00+00:00,ahoydb,3.277517318376504,18364830651.733334,0.0
131471595343,eu-north-1,2025-12-08T06:00:00+00:00,ahoydb,3.2946929017801088,18364808055.466667,0.0
131471595343,eu-north-1,2025-12-08T07:00:00+00:00,ahoydb,3.3599642922819117,18364778359.466667,0.0
131471595343,eu-north-1,2025-12-08T08:00:00+00:00,ahoydb,3.296645759443368,18364754602.666668,0.0
131471595343,eu-north-1,2025-12-08T09:00:00+00:00,ahoydb,3.27622693115075,18364732074.666668,0.0
131471595343,eu-north-1,2025-12-08T10:00:00+00:00,ahoydb,3.2881489776468413,18364679987.2,0.2
131471595343,eu-north-1,2025-12-08T11:00:00+00:00,ahoydb,3.2719698427881125,18364591854.933334,0.0
131471595343,eu-north-1,2025-12-08T12:00:00+00:00,ahoydb,3.2674754324517647,18364568644.266666,0.0
131471595343,eu-north-1,2025-12-08T13:00:00+00:00,ahoydb,3.309849043221033,18364546252.8,0.0
131471595343,eu-north-1,2025-12-08T14:00:00+00:00,ahoydb,3.254047647249467,18364522632.533333,0.0
131471595343,eu-north-1,2025-12-08T15:00:00+00:00,ahoydb,3.2636426790147444,18364500104.533333,0.0
131471595343,eu-north-1,2025-12-08T16:00:00+00:00,ahoydb,3.2681596520182334,18364477166.933334,0.0
131471595343,eu-north-1,2025-12-08T17:00:00+00:00,ahoydb,3.2831954037099225,18364458461.866665,0.0
131471595343,eu-north-1,2025-12-08T18:00:00+00:00,ahoydb,3.2577692510357243,18364436275.2,0.0
131471595343,eu-north-1,2025-12-08T19:00:00+00:00,ahoydb,3.2909323995892446,18364408123.076923,0.0
